,T,phi,replicate_id,err_mu_hat,phi_hat,Dt,boot_mean_Dt,boot_sig_Dt
0,1000.0,0.0,0.0,5.128940571128951e-06,0.0,0.036153290820045834,0.035046262136943354,0.0007591214403530461
1,1000.0,0.0,1.0,2.773292150255514e-05,0.0,0.03616069176428881,0.03574638381601703,0.0008697182424575823
2,1000.0,0.0,2.0,2.2087842692481327e-06,0.0,0.037542276993189246,0.036195717930919635,0.0007860713455296225
3,1000.0,0.0,3.0,2.7134409665566174e-05,0.0,0.03884993840134198,0.03748961483771505,0.0008617232656990089
4,1000.0,0.0,4.0,1.7572856048109544e-06,0.0,0.03819466527251026,0.03785998053255441,0.00090699878347703
5,1000.0,0.0,5.0,8.904343605258671e-06,0.0,0.03405978471660616,0.034284953081404966,0.0008053765878112745
6,1000.0,0.0,6.0,1.3957956971562902e-05,0.02564102564102564,0.03688801714019445,0.03794877248969638,0.0008726955432742933
7,1000.0,0.0,7.0,1.0574934766469115e-05,0.0,0.03415279110196409,0.034341695177340315,0.0007787594683207956
8,1000.0,0.0,8.0,3.8105190143268706e-05,0.0,0.0377433565261373,0.03696941279335042,0.0008750577987386171
9,1000.0,0.0,9.0,9.570873657023626e-06,0.0,0.03461458783397464,0.03464722148170835,0.0007835544789346538
10,1000.0,0.0,10.0,1.496824264095816e-05,0.02564102564102564,0.03359100802477916,0.03428167875871496,0.000783656535695144
11,1000.0,0.0,11.0,7.602170606854389e-07,0.0,0.03743287715674902,0.03726951801365207,0.0008296922554492906
12,1000.0,0.0,12.0,2.094246960933788e-05,0.0,0.03885780756140434,0.03747266240826564,0.0008658974783968902
13,1000.0,0.0,13.0,2.043744341253543e-06,0.0,0.03415466619137979,0.03405584607605193,0.0007567539401292826
14,1000.0,0.0,14.0,3.3621313653495024e-05,0.0,0.03488986612785295,0.03501304711072764,0.0008027032983065755
15,1000.0,0.0,15.0,3.584392600037684e-05,0.0,0.03656736859823803,0.036639557087589154,0.0009276289580981298
16,1000.0,0.0,16.0,1.8118520133504025e-05,0.02564102564102564,0.03727164003146294,0.03809417483870911,0.0008863432382897308
17,1000.0,0.0,17.0,1.6248545735924317e-05,0.0,0.03911682378957015,0.03789167620240378,0.000914450145575928
18,1000.0,0.0,18.0,3.3768034089622448e-06,0.0,0.03701251701801457,0.03643250546302808,0.0008346657672696615
19,1000.0,0.0,19.0,2.3756177989500526e-05,0.0,0.03379263543792248,0.034115691947341785,0.00075383500227474
20,1000.0,0.0,20.0,2.2921344552510222e-06,0.0,0.03557839650877643,0.035760626227469616,0.0008251860008988368
21,1000.0,0.0,21.0,1.3398117413594255e-05,0.0,0.037081178719742265,0.03640461492458212,0.0008579928380575351
22,1000.0,0.0,22.0,5.762905526463823e-06,0.0,0.03707533085270831,0.03731834430436767,0.0008815656114119565
23,1000.0,0.0,23.0,6.8083278314361105e-06,0.0,0.035732717204961004,0.035974640857064456,0.0008002463145986495
24,1000.0,0.0,24.0,4.4278078251937885e-06,0.0,0.036298154068963494,0.03534134783478887,0.0008264642214379041
25,1000.0,0.0,25.0,9.285541274702923e-07,0.0,0.03732005929641564,0.037336719703868884,0.000847065249678967
26,1000.0,0.0,26.0,2.2690726144666946e-05,0.0,0.03740843166328982,0.03723479739777924,0.0009028398490691506
27,1000.0,0.0,27.0,2.5094923007957894e-05,0.05128205128205128,0.035858934140367914,0.03747068014468831,0.0008377399826101961
28,1000.0,0.0,28.0,2.1407490192227863e-06,0.0,0.03547681083643568,0.03524353812931739,0.0008330336284363604
29,1000.0,0.0,29.0,8.736900091091093e-06,0.0,0.040115024603747766,0.039257391970321895,0.0008855669878101287
30,1000.0,0.0,30.0,6.907064319782107e-06,0.02564102564102564,0.0366398946352065,0.037385091668437925,0.0008605105573193111
31,1000.0,0.0,31.0,3.146271804816711e-06,0.02564102564102564,0.035776146043087334,0.03697017825201277,0.0008924620784039916
32,1000.0,0.0,32.0,2.051657621362756e-05,0.05128205128205128,0.03304419357433477,0.034456524894126546,0.0007807665373772848
33,1000.0,0.0,33.0,1.994620349144326e-06,0.0,0.03904138805257437,0.037560877309297636,0.0009022438681548408
34,1000.0,0.0,34.0,8.750191917179645e-06,0.02564102564102564,0.036106008136451366,0.03722039447302306,0.0008361199196158563
35,1000.0,0.0,35.0,3.2305986659105414e-05,0.0,0.03611507183926516,0.036357079228203575,0.0008479941115128296
36,1000.0,0.0,36.0,2.8816375947862e-06,0.0,0.03806490360842806,0.036901557052710664,0.0008615950937224661
37,1000.0,0.0,37.0,8.374598199352371e-06,0.0,0.03490662738721683,0.035059129267770925,0.0007771917353105564
38,1000.0,0.0,38.0,1.3587047508867326e-05,0.0,0.0349368638197094,0.03541539147890435,0.0008350026380935344
39,1000.0,0.0,39.0,4.0814133275437296e-05,0.02564102564102564,0.03647168366077844,0.03750367875448466,0.000862246662185868
40,1000.0,0.0,40.0,1.2781077185826251e-05,0.02564102564102564,0.035022260950823565,0.03587133140678735,0.0008565993421815446
41,1000.0,0.0,41.0,5.77415145135919e-06,0.0,0.03955916578003489,0.03856827184973687,0.0009193908490606441
42,1000.0,0.0,42.0,2.128819291460727e-05,0.0,0.03465584952272186,0.03439070613978451,0.0008189330775166198
43,1000.0,0.0,43.0,6.821784386357894e-06,0.0,0.03615241949013191,0.035353442241495586,0.0008434267568626728
44,1000.0,0.0,44.0,2.0150564157834296e-06,0.0,0.03664929131307669,0.03670032886600841,0.0008667715340581839
45,1000.0,0.0,45.0,1.8957628595337394e-05,0.0,0.03668048102641329,0.036158611746045725,0.0008393226213400022
46,1000.0,0.0,46.0,2.016219914055769e-05,0.0,0.03644812117709692,0.03573325063557064,0.0008242666204255571
47,1000.0,0.0,47.0,3.826548564573365e-06,0.02564102564102564,0.03436901776235954,0.03513452130076193,0.0008030792817779203
48,1000.0,0.0,48.0,4.7582859145323765e-05,0.0,0.03438193416294033,0.03478355987265038,0.0008560948340514803
49,1000.0,0.0,49.0,4.009891036886771e-07,0.0,0.038125677177851335,0.03683394451582243,0.0008287004548472625
50,1000.0,0.0,50.0,8.881620931631735e-06,0.0,0.03659403316476926,0.0362547933281523,0.0008611445923118248
51,1000.0,0.0,51.0,6.260695077201581e-05,0.0,0.035483985783109726,0.03541490109316971,0.0007849439943184905
52,1000.0,0.0,52.0,6.475522021139524e-06,0.0,0.03723980006695786,0.03724313436058684,0.0008254671951151573
53,1000.0,0.0,53.0,1.9194791806889386e-05,0.0,0.03701348627143119,0.03720103277822409,0.0009005678097058341
54,1000.0,0.0,54.0,2.217533933654935e-05,0.02564102564102564,0.03536864180355563,0.03642450093074924,0.000844895099368046
55,1000.0,0.0,55.0,1.5948814261958976e-05,0.0,0.036462686653997683,0.036011179926033046,0.0007801115570777379
56,1000.0,0.0,56.0,2.5073430430481433e-06,0.02564102564102564,0.035164276797942366,0.03618935689968355,0.0008661503843936523
57,1000.0,0.0,57.0,6.570879393698132e-06,0.0,0.03631955753258843,0.03660363178158882,0.0008048278513861993
58,1000.0,0.0,58.0,1.6148723804927379e-06,0.0,0.03801256499034236,0.03564822550023779,0.0008286270323016493
59,1000.0,0.0,59.0,4.811462301401622e-06,0.0,0.03955882559705139,0.03881134697864367,0.0009132691289970582
60,1000.0,0.0,60.0,1.0061148732959968e-05,0.0,0.036379838321154497,0.036853523998967956,0.0008362044173262695
61,1000.0,0.0,61.0,7.021109542855209e-06,0.0,0.03741589187107914,0.037158662238873666,0.0008251964738977639
62,1000.0,0.0,62.0,5.924385239770304e-05,0.02564102564102564,0.03645747354708848,0.037544793673472014,0.0008563134835986349
63,1000.0,0.0,63.0,3.7116720582785413e-06,0.0,0.036217593959723876,0.03605189650845557,0.0008513845002010853
64,1000.0,0.0,64.0,4.212191837250185e-06,0.0,0.03859370173820275,0.03756882902746279,0.0008537448550110698
65,1000.0,0.0,65.0,5.1975633763760455e-05,0.0,0.037472735321109306,0.03775186378854032,0.0008586441078891661
66,1000.0,0.0,66.0,1.6434371205539938e-05,0.0,0.037457798447759025,0.03621724661293124,0.0007963785924412955
67,1000.0,0.0,67.0,1.2251867047513423e-06,0.07692307692307693,0.033309290325292326,0.03565222230651756,0.0008055656022464569
68,1000.0,0.0,68.0,1.1521098980195957e-05,0.0,0.03722233028251732,0.03698838327749651,0.0008000862104303057
69,1000.0,0.0,69.0,4.505369438851035e-06,0.0,0.03758557759049025,0.037830938442774346,0.0009170362918116682
70,1000.0,0.0,70.0,2.7126120685109144e-06,0.0,0.03561370606812264,0.036067347572787026,0.0008863715351894362
71,1000.0,0.0,71.0,1.257366727506843e-05,0.02564102564102564,0.03520193736758382,0.036362559898517034,0.0008385449841771734
72,1000.0,0.0,72.0,4.826445093566686e-06,0.0,0.035674815212507205,0.03573509976360788,0.0007727411470014719
73,1000.0,0.0,73.0,4.375154879820337e-05,0.0,0.035060840378580184,0.03494230305705659,0.0008054279424863108
74,1000.0,0.0,74.0,5.1546785457157646e-05,0.0,0.03632568684988965,0.036390595327047914,0.0008535713704226848
75,1000.0,0.0,75.0,7.019492164883048e-05,0.0,0.03715499348803129,0.037598842827104344,0.0008173830677207686
76,1000.0,0.0,76.0,4.190258461362348e-05,0.0,0.03625336190973404,0.036333286867007646,0.0008587062851218997
77,1000.0,0.0,77.0,6.444150240270812e-06,0.0,0.034995544383157044,0.03500631345928801,0.0008138585960234611
78,1000.0,0.0,78.0,2.9465668034778857e-06,0.0,0.03749972821742073,0.036751845441189396,0.0008460792683479024
79,1000.0,0.0,79.0,4.296391799941723e-06,0.0,0.03847597636678565,0.03669705103421817,0.0009078298810031748
80,1000.0,0.0,80.0,4.8950132880938204e-05,0.0,0.033934066526830425,0.03386656130793997,0.0007649756582668379
81,1000.0,0.0,81.0,3.072434002777705e-05,0.0,0.03717607797126514,0.036072911802775276,0.0008194631179453975
82,1000.0,0.0,82.0,7.172761565023146e-06,0.0,0.035881860531963516,0.03527940954874787,0.0008057401329913978
83,1000.0,0.0,83.0,5.538094811081711e-06,0.0,0.037690032351788826,0.03742426555617957,0.000895710578610998
84,1000.0,0.0,84.0,3.2449083661237444e-06,0.0,0.0360730511426897,0.035724889266679924,0.0008217360274990506
85,1000.0,0.0,85.0,2.4207179271956913e-05,0.02564102564102564,0.03283513529758841,0.03340034367306785,0.0007789758233824092
86,1000.0,0.0,86.0,3.394117604169125e-05,0.0,0.0350195048011508,0.03544951810353676,0.0008209307283359307
87,1000.0,0.0,87.0,2.8080352056671473e-05,0.02564102564102564,0.03645644051703325,0.037085102719703895,0.0008861224938277306
88,1000.0,0.0,88.0,1.0484348629804413e-05,0.0,0.034528552090810315,0.03427524508006179,0.00074524833374685
89,1000.0,0.0,89.0,1.2260616117994213e-05,0.0,0.036112107951867554,0.035119658347650275,0.0007809482326001415
90,1000.0,0.0,90.0,4.825841899992221e-06,0.0,0.036154975241007435,0.035056000297611946,0.0007968217747528768
91,1000.0,0.0,91.0,2.777642879811629e-05,0.02564102564102564,0.03454933248281266,0.03540005739674282,0.0008312881211673635
92,1000.0,0.0,92.0,6.665827293160626e-06,0.0,0.037783478618502835,0.03727555616620347,0.0008337348880287389
93,1000.0,0.0,93.0,8.479235777552975e-07,0.0,0.037605089401528666,0.03697310254160353,0.0009086046646162181
94,1000.0,0.0,94.0,2.7448741324319323e-05,0.0,0.03554528085197932,0.03545163892890068,0.0008447024345182006
95,1000.0,0.0,95.0,2.5558675806423275e-05,0.0,0.03652200435876991,0.03669545195067444,0.0008503831944383591
96,1000.0,0.0,96.0,9.839345130364839e-06,0.02564102564102564,0.03720601474610114,0.03799727729965369,0.0008528514911361903
97,1000.0,0.0,97.0,1.669022008440739e-05,0.02564102564102564,0.03366597276305447,0.034376334303104696,0.0008016056899516722
98,1000.0,0.0,98.0,8.504996354822696e-06,0.02564102564102564,0.035506497643276944,0.0363757313279613,0.0008181514201399631
99,1000.0,0.0,99.0,1.1821476748404022e-05,0.0,0.035194000465014585,0.03555204609020362,0.0007743778559120016
100,1000.0,0.0,100.0,2.213238584811315e-05,0.05128205128205128,0.03492026838926867,0.03645172781014708,0.0008650142787815494
101,1000.0,0.0,101.0,1.666431938340669e-05,0.02564102564102564,0.0344486639586608,0.03513523442363139,0.0007731920254803933
102,1000.0,0.0,102.0,2.5343800923593558e-05,0.0,0.03597112899097048,0.03592396489555386,0.0008466536515249662
103,1000.0,0.0,103.0,3.0410495066732182e-05,0.02564102564102564,0.034492730571912635,0.03539271555516785,0.0008182889410226712
104,1000.0,0.0,104.0,6.6855264369891705e-06,0.0,0.037796539807908355,0.03628126921870622,0.0008920495290334173
105,1000.0,0.0,105.0,6.5351146745672215e-06,0.0,0.03636181633811115,0.03565164503876406,0.0008464485397214875
106,1000.0,0.0,106.0,1.061362464257344e-05,0.02564102564102564,0.03410998516970738,0.03508924621864617,0.0008108680888593772
107,1000.0,0.0,107.0,1.356921394589535e-05,0.02564102564102564,0.03375797272489263,0.03456582374718497,0.0007917067280691597
108,1000.0,0.0,108.0,5.232845451215725e-05,0.0,0.038923348518434944,0.03880637650348949,0.0008916743878033878
109,1000.0,0.0,109.0,9.34151953339548e-06,0.0,0.037690738404136524,0.03697276620356959,0.0008497362790713839
110,1000.0,0.0,110.0,2.5809536665325223e-05,0.0,0.03592990402150104,0.03497101122095882,0.0007738869251589062
111,1000.0,0.0,111.0,8.767781169561917e-06,0.0,0.03712682589364004,0.03635012321771053,0.0008135140437455996
112,1000.0,0.0,112.0,1.807608546179278e-06,0.0,0.0369416112671762,0.03543124079513353,0.0008313056560556996
113,1000.0,0.0,113.0,2.253176140805573e-05,0.02564102564102564,0.03643602723751658,0.03729544548945988,0.0008900814925449418
114,1000.0,0.0,114.0,1.2797657184439881e-05,0.0,0.036748350928980024,0.03691400211492365,0.0008658077388217528
115,1000.0,0.0,115.0,3.336644417145072e-05,0.0,0.033651594332488044,0.03406330148662118,0.000731207229654432
116,1000.0,0.0,116.0,4.117142060610612e-05,0.0,0.039316982540359625,0.038281698767648316,0.0008873392568269173
117,1000.0,0.0,117.0,2.9430510027276265e-06,0.05128205128205128,0.03508272189455155,0.03661070149886686,0.0008821400404075069
118,1000.0,0.0,118.0,1.1625195780716303e-05,0.0,0.0346985310008428,0.03497486483320596,0.0008019165346497871
119,1000.0,0.0,119.0,1.0550002446046094e-05,0.0,0.03808454313434309,0.03752451992363808,0.0008954746655904657
120,1000.0,0.0,120.0,2.2669295633424555e-06,0.0,0.036920851598638026,0.03699406184153581,0.0008540629961775793
121,1000.0,0.0,121.0,7.905743902850969e-06,0.0,0.0390255335908312,0.03895222573092991,0.0009687207174625647
122,1000.0,0.0,122.0,2.068796030072394e-05,0.0,0.037192128725913515,0.03637395880164756,0.0008219780867859709
123,1000.0,0.0,123.0,7.883211606273883e-05,0.0,0.037062931480493964,0.03627025622242583,0.000828663365765808
124,1000.0,0.0,124.0,5.510367119588203e-06,0.02564102564102564,0.033381989079139994,0.03435874410324003,0.0007909099195250478
125,1000.0,0.0,125.0,0.00011848922986019943,0.0,0.03926805564411144,0.03718451241000393,0.0009174957837611749
126,1000.0,0.0,126.0,3.327195111146683e-05,0.0,0.036585022203559435,0.0360070891513836,0.0008254647769222115
127,1000.0,0.0,127.0,1.0492155117663853e-05,0.05128205128205128,0.03511034903906204,0.03731372701950415,0.000885224185937489
128,1000.0,0.0,128.0,5.412002265686956e-07,0.0,0.03551333653107435,0.03542853231121759,0.0008578586216158576
129,1000.0,0.0,129.0,8.236758418560632e-06,0.0,0.03595757806321282,0.03530751190501729,0.0008153982043202301
130,1000.0,0.0,130.0,1.4871393562424206e-05,0.0,0.03553102209495327,0.03460122853097492,0.000762799731620923
131,1000.0,0.0,131.0,1.8609640192391735e-05,0.0,0.03540643414417675,0.034704564130727464,0.0007744863224790154
132,1000.0,0.0,132.0,1.7401297273864164e-05,0.0,0.03550958149645253,0.03558057496319586,0.0008442273217319729
133,1000.0,0.0,133.0,5.614211180325683e-06,0.0,0.03455861477306447,0.034138311737483606,0.0007614900506030377
134,1000.0,0.0,134.0,3.063315627916549e-06,0.0,0.03574343678601684,0.0352246413681956,0.0008009298404169596
135,1000.0,0.0,135.0,6.071930215018281e-06,0.0,0.03573781903190677,0.03622506783495266,0.000890924986935254
136,1000.0,0.0,136.0,1.8427857192540346e-05,0.0,0.03752974989327847,0.036406627699671006,0.0008327814589313368
137,1000.0,0.0,137.0,6.885216405180202e-06,0.0,0.03536333636849396,0.03542901968267975,0.0007905584237471027
138,1000.0,0.0,138.0,1.8615412561087205e-05,0.0,0.03411499289859868,0.03426742354213542,0.0007656834166782138
139,1000.0,0.0,139.0,6.6869033876615065e-06,0.0,0.03545346000654011,0.03591297256864196,0.0008261089591603743
140,1000.0,0.0,140.0,5.562982676436216e-06,0.0,0.03739843381810065,0.036824932428546155,0.0008533237504614244
141,1000.0,0.0,141.0,2.5270934992462645e-05,0.0,0.03551417985865671,0.03550278708988201,0.0008011456621101082
142,1000.0,0.0,142.0,2.31625471591059e-05,0.0,0.03704220332966525,0.0369245445405773,0.0008773504502612863
143,1000.0,0.0,143.0,9.718144064044872e-06,0.0,0.03717729966133809,0.037540799387467,0.0008692173636068182
144,1000.0,0.0,144.0,1.3872926838198775e-05,0.0,0.037915394194141035,0.0368256590526239,0.000907379282841299
145,1000.0,0.0,145.0,2.5139833936468123e-05,0.02564102564102564,0.03447871688799598,0.03526536138315204,0.0008053218944189769
146,1000.0,0.0,146.0,1.3152832888734124e-06,0.0,0.03716494225654841,0.0359169345086678,0.0008209028475945192
147,1000.0,0.0,147.0,0.00010734242021389798,0.0,0.0364425934730527,0.036064822205059445,0.0008281486396416705
148,1000.0,0.0,148.0,1.0692519912347697e-05,0.0,0.03548913929697206,0.03505006207153198,0.0007955624971509327
149,1000.0,0.0,149.0,1.0679827293535181e-05,0.02564102564102564,0.034646809346090185,0.03557672650256013,0.0007995552882313715
150,1000.0,0.0,150.0,1.170390344569462e-05,0.0,0.034255383428094116,0.03455474921568316,0.0008036593930974404
151,1000.0,0.0,151.0,7.137541854781354e-05,0.0,0.03524216370765711,0.03466468556916204,0.0007799377241867149
152,1000.0,0.0,152.0,1.2600484615038535e-05,0.0,0.03697284017613575,0.03696152206066674,0.0008918526223768674
153,1000.0,0.0,153.0,1.0136245849675937e-05,0.0,0.034825593420781634,0.03505839285034446,0.0007751553831220689
154,1000.0,0.0,154.0,2.8540001922987608e-06,0.02564102564102564,0.03457918458278346,0.03558005321272567,0.0008037142896070313
155,1000.0,0.0,155.0,1.0389400161084752e-05,0.0,0.03664300033723365,0.035779377687210887,0.0007805894173589116
156,1000.0,0.0,156.0,3.917009370843206e-06,0.0,0.03856568352706533,0.037081342058111096,0.00089844838162652
157,1000.0,0.0,157.0,2.3227790768799803e-05,0.0,0.03595267521813464,0.03531349986949086,0.0007809971654580297
158,1000.0,0.0,158.0,9.063322225836819e-05,0.0,0.03927126120895511,0.03788420947891795,0.0008739756158056502
159,1000.0,0.0,159.0,6.871524531019464e-06,0.0,0.03469226835816545,0.035068586151722,0.000766191677806517
160,1000.0,0.0,160.0,7.456215653543015e-06,0.0,0.03873165400359278,0.03786067575022604,0.000939063124433018
161,1000.0,0.0,161.0,2.9537385165428327e-06,0.05128205128205128,0.034759883299871064,0.0368854059984458,0.0008564754600501936
162,1000.0,0.0,162.0,9.759435631980165e-06,0.05128205128205128,0.03579325161487473,0.03754725592715408,0.0008569748128823847
163,1000.0,0.0,163.0,5.720981362400882e-06,0.0,0.03831910682041172,0.03863910007143571,0.000961235625526207
164,1000.0,0.0,164.0,4.4661432252848516e-05,0.05128205128205128,0.03445606263514085,0.03657400712595622,0.0008591075437654074
165,1000.0,0.0,165.0,2.477712660020676e-05,0.02564102564102564,0.034308218490513256,0.03542454071361983,0.000821954319733023
166,1000.0,0.0,166.0,4.615333401749723e-05,0.0,0.03514101304459727,0.03556262777242925,0.0008214739490734221
167,1000.0,0.0,167.0,1.8940996378475862e-05,0.02564102564102564,0.035335065676305136,0.03607336826623404,0.0008083917541866303
168,1000.0,0.0,168.0,1.1295675083303894e-05,0.0,0.035989771494212314,0.036402881881241404,0.0008496291833165369
169,1000.0,0.0,169.0,3.801317006997996e-05,0.0,0.035816819074572626,0.03550506135465021,0.0008727194341434215
170,1000.0,0.0,170.0,3.3295050812748986e-05,0.0,0.03677402612718929,0.036442457193615684,0.0008082021973560781
171,1000.0,0.0,171.0,5.092403249744447e-06,0.0,0.03887802589122554,0.03807836481533127,0.0008834867857149856
172,1000.0,0.0,172.0,8.309114125361579e-06,0.02564102564102564,0.03412755704693186,0.03504067009905283,0.0007674816589890612
173,1000.0,0.0,173.0,4.60967187307981e-06,0.0,0.038613270033166384,0.036799866200629035,0.0008752433083178693
174,1000.0,0.0,174.0,9.937616550124582e-06,0.0,0.036357574071740506,0.03662465970882336,0.0008135257562433682
175,1000.0,0.0,175.0,1.4398401670280011e-05,0.0,0.03873082508043573,0.03796393386204687,0.0008690033185872352
176,1000.0,0.0,176.0,1.345910655794444e-05,0.02564102564102564,0.03510950487816939,0.03574833142828473,0.0008460597312159435
177,1000.0,0.0,177.0,3.957302023462861e-06,0.0,0.03834096194333505,0.03777277785973557,0.0008320922703667867
178,1000.0,0.0,178.0,6.655610569622789e-06,0.0,0.036260917421995824,0.03566501966948482,0.0007945319180110227
179,1000.0,0.0,179.0,1.4666194182373065e-05,0.02564102564102564,0.035405975797064414,0.036184275735951156,0.0008152009102967304
180,1000.0,0.0,180.0,2.401668188712043e-06,0.0,0.03531311890888129,0.035417342503197335,0.0008154126320827907
181,1000.0,0.0,181.0,8.255896527859282e-05,0.0,0.03868943994693164,0.03665231213680046,0.0008048440335997258
182,1000.0,0.0,182.0,6.60394289520259e-07,0.0,0.03576238804204624,0.034830086637874895,0.0007996618482873412
183,1000.0,0.0,183.0,4.087279340126103e-05,0.02564102564102564,0.03450240207497395,0.03536562860379146,0.0007898050333012828
184,1000.0,0.0,184.0,9.031232484319094e-06,0.0,0.0387890666010579,0.038757485424381954,0.000877849434601314
185,1000.0,0.0,185.0,1.2465739316126492e-05,0.0,0.036152782695573045,0.036339118243425526,0.0008903792176108705
186,1000.0,0.0,186.0,1.5271246409729943e-06,0.0,0.03539883728128088,0.035018833386217425,0.0007942951210150815
187,1000.0,0.0,187.0,1.8257189331719175e-05,0.0,0.03658545642173819,0.036425832561010306,0.0008451825948717903
188,1000.0,0.0,188.0,1.6823089219839305e-05,0.0,0.03506508562797636,0.03356758253110657,0.0007504198232470045
189,1000.0,0.0,189.0,2.460656650606887e-06,0.0,0.03598697836668337,0.0355774147094132,0.0008363409441260585
190,1000.0,0.0,190.0,4.843775897139327e-06,0.0,0.0367048292739919,0.03680384249765351,0.0008636349533304577
191,1000.0,0.0,191.0,6.339708366478443e-06,0.0,0.036333903929280015,0.03633528877784401,0.0008570451761156739
192,1000.0,0.0,192.0,7.140378639830328e-05,0.0,0.0357552440862837,0.03613060550190463,0.0008029119694728833
193,1000.0,0.0,193.0,6.338528903598091e-06,0.02564102564102564,0.032611773815687126,0.03369477903250176,0.0007401923154809088
194,1000.0,0.0,194.0,9.481838144985e-06,0.0,0.037852047307848545,0.03801736663722375,0.0008905722596877168
195,1000.0,0.0,195.0,6.912713887307133e-06,0.0,0.035818374945653424,0.035804823473354175,0.0008012502954795615
196,1000.0,0.0,196.0,2.113195376013275e-06,0.0,0.03537586113615246,0.03567704388994446,0.0008266853822494061
197,1000.0,0.0,197.0,3.097413824026409e-05,0.0,0.03815970063465027,0.03781560610963387,0.0008351879628289005
198,1000.0,0.0,198.0,9.514987049245275e-06,0.0,0.03687169349572737,0.03719687208393336,0.0008547286618091977
199,1000.0,0.0,199.0,3.4118733220874624e-06,0.0,0.037489428993230905,0.037555012407799515,0.0008939750759816142
200,1000.0,0.0,200.0,6.706548484307227e-06,0.0,0.036969822102021425,0.03678528182803969,0.0008900253389398192
201,1000.0,0.0,201.0,5.368503865406838e-05,0.0,0.03366227067090031,0.03405421988044324,0.0007565351368297237
202,1000.0,0.0,202.0,2.1597256026932853e-05,0.0,0.03929733846288492,0.03893993617658432,0.0009284193342272666
203,1000.0,0.0,203.0,1.7344997832489025e-05,0.05128205128205128,0.033371681578356925,0.03541076693316796,0.0007963806899952721
204,1000.0,0.0,204.0,1.36274506899509e-05,0.0,0.03769962471363971,0.036950657907739326,0.0008549100078922415
205,1000.0,0.0,205.0,2.549191066004602e-05,0.02564102564102564,0.03599150584016468,0.03663749515358035,0.000843608137648627
206,1000.0,0.0,206.0,1.2089236998373198e-05,0.0,0.040055690183812775,0.038052429881269174,0.000864210290610049
207,1000.0,0.0,207.0,1.8120431445972416e-05,0.0,0.035482781492428124,0.035139936596636674,0.0007740252522778086
208,1000.0,0.0,208.0,6.342960138283377e-06,0.0,0.03715721154134272,0.03610655745792793,0.0008236275484484237
209,1000.0,0.0,209.0,1.717371492552572e-05,0.0,0.03661694128431687,0.03692006584438524,0.0008889621142974928
210,1000.0,0.0,210.0,1.8817722128687115e-05,0.0,0.03761998680567077,0.03776608730016548,0.000890625400889079
211,1000.0,0.0,211.0,6.39784273812583e-06,0.0,0.03823180320756911,0.03764219154665204,0.0008469852611973561
212,1000.0,0.0,212.0,1.4093598264097619e-05,0.0,0.03808473916163165,0.03834689959362315,0.0009267123539545103
213,1000.0,0.0,213.0,1.1562914205193808e-06,0.0,0.03791876576883053,0.03692921527422982,0.0007949475519965844
214,1000.0,0.0,214.0,2.83492995679336e-06,0.0,0.03891752515275035,0.038999093737268585,0.0009414069915841631
215,1000.0,0.0,215.0,1.230561438401744e-05,0.02564102564102564,0.036536128683568925,0.037320452692172365,0.0008217589253258066
216,1000.0,0.0,216.0,4.024048909872962e-05,0.0,0.034067037505263735,0.03373274863813269,0.0007505999103760948
217,1000.0,0.0,217.0,6.7211817824754696e-06,0.0,0.03692577953694216,0.03683827994192293,0.0008026964876023395
218,1000.0,0.0,218.0,5.223707888800304e-05,0.02564102564102564,0.03495373267616535,0.03556024154020393,0.0007535100289203877
219,1000.0,0.0,219.0,1.7537294999668277e-05,0.0,0.03757230848241139,0.0371091496216348,0.0008244674219590831
220,1000.0,0.0,220.0,2.688199070237468e-06,0.0,0.03611662396661635,0.03564428842864258,0.0008583093548152594
221,1000.0,0.0,221.0,1.0019680326124541e-05,0.0,0.03657812870722135,0.03491101214592233,0.0007473077918309836
222,1000.0,0.0,222.0,2.3733729337287083e-06,0.0,0.03743666247252148,0.03723524270764854,0.000829320989940348
223,1000.0,0.0,223.0,6.056780235467135e-05,0.0,0.03742270500865947,0.03568382028813696,0.0008575460573250456
224,1000.0,0.0,224.0,6.040693411599471e-06,0.0,0.03514762246354218,0.035201353943823864,0.0008278631929193767
225,1000.0,0.0,225.0,3.4805331817318877e-06,0.0,0.03830618221963356,0.037552511292101444,0.0009333988841242492
226,1000.0,0.0,226.0,5.960394645843082e-06,0.0,0.036934151626714415,0.03741482390114591,0.0008452355500548122
227,1000.0,0.0,227.0,1.3479143441192247e-05,0.0,0.0365281683502129,0.03602716163921474,0.0008325294775306213
228,1000.0,0.0,228.0,1.861737199516251e-05,0.0,0.036955591961632915,0.035918261683623984,0.0008292021988137784
229,1000.0,0.0,229.0,7.983598103930393e-06,0.0,0.03805350533878374,0.03772525048366648,0.0008835676350549959
230,1000.0,0.0,230.0,3.632215187012802e-05,0.0,0.0399907170736072,0.038310705664120634,0.0008943825051003602
231,1000.0,0.0,231.0,0.00013606599544733618,0.02564102564102564,0.03561398717731966,0.03608919068604226,0.0008056504003373501
232,1000.0,0.0,232.0,1.746185794180902e-05,0.02564102564102564,0.0335112768354361,0.03439058885507667,0.0007849731275883518
233,1000.0,0.0,233.0,2.2002139697903873e-05,0.0,0.036594744287748476,0.03583818171704084,0.0007939938677588781
234,1000.0,0.0,234.0,9.641573264437024e-06,0.0,0.03420742388357441,0.033831607461439386,0.0007139371263854215
235,1000.0,0.0,235.0,4.189964109390863e-05,0.0,0.03662096459571872,0.03659449096981531,0.0008443042259983643
236,1000.0,0.0,236.0,3.1064431321521786e-05,0.0,0.039919846427973096,0.037548243929290355,0.0008850846813847036
237,1000.0,0.0,237.0,3.061549248195092e-05,0.0,0.03862488162388698,0.0378067011318379,0.0008858240686218342
238,1000.0,0.0,238.0,3.5786628774944044e-05,0.05128205128205128,0.033954980983635474,0.03534485831635383,0.0008565099459938525
239,1000.0,0.0,239.0,9.54717970093333e-06,0.05128205128205128,0.03684438535821645,0.03835492737143991,0.000892784301443398
240,1000.0,0.0,240.0,2.3219608487599702e-05,0.02564102564102564,0.036360665398482345,0.037038466728961376,0.0009154362522537271
241,1000.0,0.0,241.0,7.528333789261686e-05,0.0,0.03687709534114536,0.036661198849797946,0.0008645182430731925
242,1000.0,0.0,242.0,4.33152074438705e-06,0.0,0.035815004768247276,0.03486807809286755,0.0008099397432841074
243,1000.0,0.0,243.0,1.3045675782978592e-05,0.0,0.035861063112905794,0.036088021654070886,0.0008159408376049242
244,1000.0,0.0,244.0,1.0541257711002926e-05,0.02564102564102564,0.03238971245279728,0.03338310169373276,0.0007261935790878049
245,1000.0,0.0,245.0,7.364200137258079e-06,0.0,0.0380258462011869,0.03605068372695162,0.0008628169700157159
246,1000.0,0.0,246.0,1.9125502245552616e-05,0.0,0.03721273466170284,0.03680420429867876,0.000841125007681993
247,1000.0,0.0,247.0,2.4343322588150774e-06,0.0,0.03648898451141212,0.03611409011002577,0.0008674422566678216
248,1000.0,0.0,248.0,1.1900004125420335e-05,0.0,0.03788058239925466,0.0375234543944611,0.0008904671315605594
249,1000.0,0.0,249.0,2.0042809907238564e-05,0.02564102564102564,0.0357795917749316,0.03678762361211601,0.0008176083429938456
250,1000.0,0.2,0.0,5.1309856977506576e-05,0.23076923076923075,0.03060627691085383,0.03926748285949957,0.0009332002998818147
251,1000.0,0.2,1.0,8.292907522309046e-06,0.23076923076923075,0.02864839858852184,0.036720328975342525,0.0008530901179229936
252,1000.0,0.2,2.0,5.10244422175305e-05,0.2564102564102564,0.027674992618411547,0.03694326215783959,0.0008263755078788097
253,1000.0,0.2,3.0,2.4811129352010325e-05,0.20512820512820512,0.030722399973624383,0.03899072270208791,0.000923500348072214
254,1000.0,0.2,4.0,1.2304707515766729e-05,0.1794871794871795,0.03037300091161329,0.037231663286137986,0.0008637440229786406
255,1000.0,0.2,5.0,0.00010916145908803974,0.23076923076923075,0.03001875152379636,0.03894433712519502,0.0009095740992855654
256,1000.0,0.2,6.0,1.4914757526188855e-05,0.15384615384615385,0.029704188449594528,0.03510770086150576,0.000835250016013863
257,1000.0,0.2,7.0,1.6108323599071613e-05,0.20512820512820512,0.027421233547908326,0.034682542781922364,0.0007602973991263244
258,1000.0,0.2,8.0,4.316613410160231e-06,0.20512820512820512,0.02716089009669536,0.033861314353415516,0.0007497041226354291
259,1000.0,0.2,9.0,1.0899527491161831e-05,0.1794871794871795,0.030033169009343212,0.03709102981614623,0.0008599517136789246
260,1000.0,0.2,10.0,1.364207376754058e-05,0.20512820512820512,0.028598009610871753,0.03535019588443476,0.0007781780971066662
261,1000.0,0.2,11.0,5.2645593981369104e-05,0.20512820512820512,0.031010372634933718,0.03882496537069909,0.0009265711900845015
262,1000.0,0.2,12.0,7.490076586118144e-06,0.1794871794871795,0.02931932106280113,0.035705619727238555,0.000810363188497712
263,1000.0,0.2,13.0,1.5176571307839348e-05,0.1794871794871795,0.029773431496814384,0.03662200271962933,0.0008418795814389011
264,1000.0,0.2,14.0,2.8304245085829874e-06,0.20512820512820512,0.029611872534778802,0.037270495410695444,0.000858440938911151
265,1000.0,0.2,15.0,0.00012106779693251629,0.1794871794871795,0.03165824868031698,0.038166624004529255,0.0008649604359704358
266,1000.0,0.2,16.0,1.4744591435529749e-05,0.20512820512820512,0.029547923681191406,0.03733684246479702,0.0007999614620094624
267,1000.0,0.2,17.0,3.9963869167340284e-05,0.20512820512820512,0.030991218636027964,0.03850497638940544,0.0009227332336526103
268,1000.0,0.2,18.0,0.00011346314597395629,0.20512820512820512,0.02927403241912502,0.03723281640251155,0.0008600778789550701
269,1000.0,0.2,19.0,2.8382993540263465e-05,0.1794871794871795,0.031421004361090396,0.038392795540680195,0.000884713341075122
270,1000.0,0.2,20.0,2.1050256194838497e-05,0.20512820512820512,0.029950705413586937,0.03761927175134162,0.000965778400690469
271,1000.0,0.2,21.0,2.088252576174901e-05,0.23076923076923075,0.030047516369371228,0.03882538508267452,0.0008965136231621506
272,1000.0,0.2,22.0,7.011360646005724e-06,0.20512820512820512,0.030104145636127403,0.03767804072190966,0.000839921685682472
273,1000.0,0.2,23.0,1.1696002027762194e-05,0.20512820512820512,0.03038170095308392,0.037741644576403804,0.0008616425508999333
274,1000.0,0.2,24.0,2.078718566477269e-05,0.1794871794871795,0.03049416593829202,0.037626331897161316,0.0009072363623872509
275,1000.0,0.2,25.0,4.9654494776868494e-06,0.1794871794871795,0.02933083922990345,0.03541666231905218,0.000801039706088467
276,1000.0,0.2,26.0,1.0680887260204121e-05,0.1794871794871795,0.029524777996478242,0.036593384270896194,0.0008825227866905773
277,1000.0,0.2,27.0,1.7190708489138203e-05,0.20512820512820512,0.029566692762961623,0.03707551743722202,0.0008860214441541935
278,1000.0,0.2,28.0,1.1702287196373368e-05,0.23076923076923075,0.028748915920749973,0.03678659085612047,0.0008265832204413962
279,1000.0,0.2,29.0,4.784405065500295e-06,0.20512820512820512,0.029145494246437177,0.036294907852646906,0.0008315216658930182
280,1000.0,0.2,30.0,2.6900119016999032e-05,0.20512820512820512,0.029779766032180823,0.03768988333567928,0.0008791667970981948
281,1000.0,0.2,31.0,2.9470849326313944e-05,0.23076923076923075,0.0292126446242122,0.038695875701709466,0.0009243340988519706
282,1000.0,0.2,32.0,6.27364929580094e-05,0.20512820512820512,0.028901654623287774,0.03658439469023322,0.0008602924841522712
283,1000.0,0.2,33.0,7.310471080473287e-06,0.20512820512820512,0.027728548523160736,0.03510604998022262,0.000750803497936446
284,1000.0,0.2,34.0,3.1589070532972257e-05,0.1794871794871795,0.029791701586023702,0.03641281398079295,0.0007833455050340479
285,1000.0,0.2,35.0,2.4992527280727145e-05,0.23076923076923075,0.0280904240082178,0.03619343055198246,0.0008402332330300609
286,1000.0,0.2,36.0,1.4084500113260423e-05,0.1794871794871795,0.029358967721949934,0.03565723452734093,0.0008056881857495714
287,1000.0,0.2,37.0,6.4276316032777434e-06,0.20512820512820512,0.030515959612531635,0.03797477584969892,0.0008824525701354726
288,1000.0,0.2,38.0,3.936300990546765e-05,0.20512820512820512,0.0304728596088,0.03847221834646093,0.0009453769994835725
289,1000.0,0.2,39.0,1.481228770138921e-05,0.20512820512820512,0.029475752375737137,0.03726231194295522,0.0007995943059780702
290,1000.0,0.2,40.0,2.2985867531189383e-06,0.20512820512820512,0.028527548772609077,0.036285849471894664,0.0007750190173935762
291,1000.0,0.2,41.0,6.407088225628444e-05,0.15384615384615385,0.03039172496270346,0.03643368721037427,0.0008729345863755027
292,1000.0,0.2,42.0,5.266005706611011e-05,0.20512820512820512,0.030494937294550585,0.03780992305462675,0.000916200868967942
293,1000.0,0.2,43.0,7.22250449579344e-06,0.15384615384615385,0.033131420780925756,0.0391931553820265,0.0009260072512594939
294,1000.0,0.2,44.0,1.0971039616397838e-05,0.1794871794871795,0.03118471656342226,0.038077615728530086,0.0008233750018583437
295,1000.0,0.2,45.0,5.089136370435034e-06,0.23076923076923075,0.029745573001377115,0.03832962223522837,0.0008546420484921768
296,1000.0,0.2,46.0,3.7135070622865852e-06,0.1794871794871795,0.029075563711024467,0.035578392961719635,0.000829075279751645
297,1000.0,0.2,47.0,0.00010213265123036513,0.20512820512820512,0.03108420571581892,0.03848000144047866,0.0008784061313016112
298,1000.0,0.2,48.0,6.048152543201313e-05,0.23076923076923075,0.030238800873509154,0.03929215563561915,0.0009755708029330419
299,1000.0,0.2,49.0,4.42088444713982e-05,0.1794871794871795,0.030169601741365328,0.036930420375171066,0.0008546619067321936
300,1000.0,0.2,50.0,3.4759135915084326e-05,0.23076923076923075,0.030480904828858978,0.03922736884520994,0.0009153566020074594
301,1000.0,0.2,51.0,2.6729925084720006e-06,0.20512820512820512,0.029609885493725525,0.037461723094355776,0.0008859783456810192
302,1000.0,0.2,52.0,1.4273396214388954e-05,0.1794871794871795,0.029690137714946545,0.035645037575075235,0.0007866562386272912
303,1000.0,0.2,53.0,1.5878327291344623e-05,0.1794871794871795,0.029565436625174576,0.036136189342220015,0.0008754327012531161
304,1000.0,0.2,54.0,8.544110754445996e-06,0.15384615384615385,0.03228291713330039,0.037970922942165995,0.0008620862473022967
305,1000.0,0.2,55.0,5.4802086800419135e-06,0.20512820512820512,0.02995601911136572,0.03735373591417997,0.0008970356192173777
306,1000.0,0.2,56.0,2.4541884720781212e-05,0.20512820512820512,0.030303480156711957,0.03822909273388048,0.0008457768747236655
307,1000.0,0.2,57.0,3.3218752252119163e-05,0.23076923076923075,0.026894368838440832,0.034639334364626434,0.0007342198227742037
308,1000.0,0.2,58.0,1.8132057500551604e-06,0.1794871794871795,0.030620597404786655,0.03699921105941838,0.0008584033825172282
309,1000.0,0.2,59.0,4.2885678178207446e-05,0.2564102564102564,0.0285608165070652,0.037933042747191094,0.0008718397060187101
310,1000.0,0.2,60.0,5.462578674299763e-06,0.1794871794871795,0.03180023426606743,0.03868102439313932,0.0008909276908601677
311,1000.0,0.2,61.0,2.6862377049251262e-05,0.15384615384615385,0.031862576065535796,0.03774588531542068,0.0008649302626553703
312,1000.0,0.2,62.0,1.9799458188453227e-05,0.15384615384615385,0.031682871585036625,0.03804356974578304,0.0008904736162067696
313,1000.0,0.2,63.0,4.431705801223396e-05,0.23076923076923075,0.02950904034984747,0.03772460484019532,0.0008744433174502259
314,1000.0,0.2,64.0,6.631999499250644e-05,0.20512820512820512,0.028222549288544063,0.035339684514525134,0.000785644808591582
315,1000.0,0.2,65.0,1.6130116306221245e-05,0.23076923076923075,0.029122407955859003,0.03753012651992432,0.0008180049454441006
316,1000.0,0.2,66.0,3.169050606421761e-05,0.20512820512820512,0.030255019157672133,0.03794855218702338,0.0008683411149363947
317,1000.0,0.2,67.0,1.8135936059696256e-06,0.15384615384615385,0.028960833453213212,0.033783842204110966,0.0007550807100715043
318,1000.0,0.2,68.0,3.402040778483886e-06,0.20512820512820512,0.02954306167695318,0.03717580660026714,0.0008535096236206146
319,1000.0,0.2,69.0,5.781764298760106e-06,0.20512820512820512,0.030813285281874415,0.03873336873534916,0.0009216177552018089
320,1000.0,0.2,70.0,8.426160406624917e-06,0.1794871794871795,0.03172835995430586,0.038725914858784224,0.0008887582587866704
321,1000.0,0.2,71.0,1.947632962721204e-05,0.20512820512820512,0.02930980601333763,0.03702988138663487,0.0008312040141008672
322,1000.0,0.2,72.0,2.021555788756608e-05,0.20512820512820512,0.031344110157731066,0.038974753161920575,0.0009369604977681104
323,1000.0,0.2,73.0,1.1713060402415706e-05,0.20512820512820512,0.03040760360084503,0.03825580065804695,0.0008834221575839281
324,1000.0,0.2,74.0,3.4533432712529216e-05,0.1794871794871795,0.030254741583551126,0.03723135370452391,0.0008381251157976819
325,1000.0,0.2,75.0,3.0133347380959956e-05,0.15384615384615385,0.030546277223262128,0.03618315443315429,0.000854669717895814
326,1000.0,0.2,76.0,1.2160875604119935e-05,0.20512820512820512,0.02888980150468851,0.036708137633295716,0.0008392090359804003
327,1000.0,0.2,77.0,5.229678660506831e-06,0.20512820512820512,0.029213572571496205,0.037309207186635336,0.0008754166510803973
328,1000.0,0.2,78.0,1.0852293618465128e-05,0.1794871794871795,0.03228516020462903,0.039433337226914486,0.0009209973026163603
329,1000.0,0.2,79.0,3.409766702030375e-05,0.23076923076923075,0.02910608030710261,0.03779770536340582,0.0008948153412750215
330,1000.0,0.2,80.0,7.446325464500687e-05,0.23076923076923075,0.028921397319865507,0.03716440750208918,0.0008598310490772998
331,1000.0,0.2,81.0,5.406977093816817e-05,0.23076923076923075,0.02866246429776234,0.03707645926730914,0.0008241447751949101
332,1000.0,0.2,82.0,3.359192026139809e-05,0.20512820512820512,0.03224539019985811,0.04058514693061292,0.0009532533489016361
333,1000.0,0.2,83.0,2.2371182639541714e-05,0.23076923076923075,0.02716025497919267,0.03505666720999225,0.0007851827597511706
334,1000.0,0.2,84.0,1.0151290652244038e-05,0.1794871794871795,0.031072644288654187,0.037341006122801466,0.0008544742824111728
335,1000.0,0.2,85.0,2.565400368038084e-05,0.23076923076923075,0.02940021012675835,0.03784269491143159,0.0008364087669973351
336,1000.0,0.2,86.0,1.5507203103797966e-05,0.1794871794871795,0.03206960310503725,0.03882856016431683,0.000911354505415959
337,1000.0,0.2,87.0,3.7357039277698776e-06,0.1794871794871795,0.03246607638399094,0.039695919132972705,0.0009137257650712235
338,1000.0,0.2,88.0,3.977076590381431e-05,0.1794871794871795,0.029231005959065404,0.03603015252892714,0.000809196140211903
339,1000.0,0.2,89.0,8.129743421078932e-05,0.23076923076923075,0.02763854397439902,0.03638680299307323,0.000835723250381568
340,1000.0,0.2,90.0,1.0032874862820341e-05,0.15384615384615385,0.029684874460376116,0.035447232209004836,0.0007875760381763131
341,1000.0,0.2,91.0,1.446463937297248e-05,0.20512820512820512,0.03093156083998845,0.0384798221174191,0.0008553615871002134
342,1000.0,0.2,92.0,8.260966461389542e-06,0.20512820512820512,0.03163237463425553,0.039561487472157396,0.0009300776295367334
343,1000.0,0.2,93.0,7.373828901685029e-05,0.20512820512820512,0.02982070886936548,0.03724438061511232,0.0008584255080627763
344,1000.0,0.2,94.0,1.4498582733494204e-05,0.20512820512820512,0.02914247339153817,0.036204357128669984,0.0008476301306673198
345,1000.0,0.2,95.0,8.02447618481964e-05,0.20512820512820512,0.029617010457599898,0.037581775133685005,0.000851176829732272
346,1000.0,0.2,96.0,1.63112836185697e-05,0.1794871794871795,0.030499985883159962,0.03672814366114192,0.0007843479255167595
347,1000.0,0.2,97.0,1.8350895193089272e-05,0.20512820512820512,0.02916201724131931,0.036538702014430595,0.0008469445104945475
348,1000.0,0.2,98.0,6.234530732875246e-07,0.20512820512820512,0.02992397953197607,0.03824205618157869,0.0008451700765146165
349,1000.0,0.2,99.0,0.00017923920802214723,0.20512820512820512,0.03050192850477439,0.03783724466540495,0.000884014461960444
350,1000.0,0.2,100.0,4.0849863848190776e-05,0.23076923076923075,0.03121754454207026,0.04082541955615015,0.0009641017341693976
351,1000.0,0.2,101.0,4.041723117182935e-05,0.1794871794871795,0.030131864015274453,0.036964049261117786,0.0008292891750988576
352,1000.0,0.2,102.0,3.945303064175013e-06,0.20512820512820512,0.030309210147072763,0.03772041169166414,0.0008487877098204092
353,1000.0,0.2,103.0,2.61341376513736e-05,0.23076923076923075,0.028231580854117873,0.03615216317528677,0.0008215468004738773
354,1000.0,0.2,104.0,1.3305314944517818e-05,0.1794871794871795,0.028867878518225833,0.0356085793495438,0.0008375561008791317
355,1000.0,0.2,105.0,4.554133684989495e-06,0.1794871794871795,0.030974257694295144,0.038417388660074415,0.0009564829398834469
356,1000.0,0.2,106.0,2.7462470240111423e-05,0.15384615384615385,0.03094591004267062,0.03655620344532214,0.0008668175487103626
357,1000.0,0.2,107.0,5.8891625161959556e-05,0.1794871794871795,0.03050708037642134,0.03716178897689608,0.0008259313895921015
358,1000.0,0.2,108.0,4.289608229039626e-05,0.1794871794871795,0.030520333697745154,0.037148806644988853,0.0008693995546090174
359,1000.0,0.2,109.0,5.94864853180797e-06,0.1282051282051282,0.03192872226263058,0.03698467370708298,0.0008436331766768456
360,1000.0,0.2,110.0,1.1221401284499556e-05,0.1794871794871795,0.0314295378106171,0.038343385649037394,0.0008969525251434173
361,1000.0,0.2,111.0,1.632837162038851e-05,0.1794871794871795,0.03159119481548995,0.039061485324655365,0.0009389976599522192
362,1000.0,0.2,112.0,7.97355433067674e-06,0.1794871794871795,0.03062669282735811,0.03762207120756063,0.0008305149709629803
363,1000.0,0.2,113.0,3.407262040939124e-05,0.20512820512820512,0.03089705479332424,0.038915610324456666,0.0009433809073831232
364,1000.0,0.2,114.0,2.7013728462899926e-05,0.15384615384615385,0.03133586284064723,0.03701794913669971,0.0008983703159657948
365,1000.0,0.2,115.0,3.4553520918816545e-05,0.1794871794871795,0.029876857446243393,0.03677011898870612,0.0009057299614177025
366,1000.0,0.2,116.0,1.8060176868817345e-05,0.20512820512820512,0.028960518793255566,0.036693749679956936,0.0008192392687237247
367,1000.0,0.2,117.0,6.050703165451806e-06,0.20512820512820512,0.028579438776131106,0.036009334733102714,0.0008181785596612345
368,1000.0,0.2,118.0,2.490993573374486e-05,0.1794871794871795,0.030358599952221146,0.03676993798096689,0.0008670846629627285
369,1000.0,0.2,119.0,8.478754814059095e-06,0.2564102564102564,0.029649314830919208,0.039358978099622445,0.0009244751157229824
370,1000.0,0.2,120.0,7.687092975032549e-06,0.1794871794871795,0.03216206997911839,0.03864103304609698,0.0009200047806645083
371,1000.0,0.2,121.0,3.294568019161411e-06,0.1794871794871795,0.030137845099490235,0.036546640658182125,0.0008511391904437326
372,1000.0,0.2,122.0,1.9473584644518468e-05,0.1794871794871795,0.030289492350392164,0.037468829455136986,0.0008138542282421829
373,1000.0,0.2,123.0,1.4125939283749733e-05,0.1794871794871795,0.03267259125731114,0.04023272023407584,0.0009463528516477425
374,1000.0,0.2,124.0,3.327520218358154e-05,0.15384615384615385,0.03149037426242676,0.03762589623148651,0.0008568210362523678
375,1000.0,0.2,125.0,1.2172295938881502e-05,0.20512820512820512,0.028320092114248744,0.035840811741669164,0.0008420485586301704
376,1000.0,0.2,126.0,2.185551404568969e-05,0.20512820512820512,0.03073410339935291,0.038365362686734426,0.0008830567606960544
377,1000.0,0.2,127.0,5.1023884337768077e-05,0.23076923076923075,0.03045268601619618,0.039238118448776046,0.0009348253525119252
378,1000.0,0.2,128.0,4.884178220434246e-05,0.20512820512820512,0.030510082431935193,0.0384002660047915,0.0008817091602534831
379,1000.0,0.2,129.0,2.258245031151993e-05,0.15384615384615385,0.03204256080918263,0.03833664089772656,0.0008849764720262342
380,1000.0,0.2,130.0,1.4700453432231175e-05,0.1794871794871795,0.02989669929629983,0.0369194665301741,0.0008112528097622558
381,1000.0,0.2,131.0,3.48134857361072e-05,0.20512820512820512,0.030599111661388265,0.03904620153276448,0.0009538273767151235
382,1000.0,0.2,132.0,3.544208021689277e-05,0.20512820512820512,0.030337202846506973,0.038701805755397216,0.0009082959136596069
383,1000.0,0.2,133.0,1.1277264275039487e-05,0.20512820512820512,0.030891766222219376,0.03823418052953203,0.0008719930382978425
384,1000.0,0.2,134.0,1.3884635614172989e-05,0.1794871794871795,0.030145274800971563,0.037257364811782184,0.0008522132691435313
385,1000.0,0.2,135.0,6.102579180327322e-05,0.20512820512820512,0.0291285266765765,0.03677813910346933,0.0008561166308106997
386,1000.0,0.2,136.0,8.906709219881963e-05,0.23076923076923075,0.02784027296188106,0.036450715193460013,0.0008074823356179515
387,1000.0,0.2,137.0,4.356871843999341e-06,0.1794871794871795,0.029588008109341472,0.03649599674521501,0.0008420331397830903
388,1000.0,0.2,138.0,3.1240025731383806e-05,0.2564102564102564,0.030115364187234216,0.04048738247789399,0.0009753840297869046
389,1000.0,0.2,139.0,0.0001343007862784668,0.1794871794871795,0.02871203870993673,0.0352013783028225,0.000788654613373585
390,1000.0,0.2,140.0,2.2059279242241733e-05,0.1794871794871795,0.029757498149710446,0.03678173275702041,0.0008151289369099927
391,1000.0,0.2,141.0,6.244237856040638e-05,0.1794871794871795,0.031625507965512965,0.0382666348979933,0.0008487775592114497
392,1000.0,0.2,142.0,1.4725599951168319e-05,0.15384615384615385,0.03116194096096734,0.03696082706004367,0.0008360505301125709
393,1000.0,0.2,143.0,1.1523578974603813e-05,0.23076923076923075,0.027805868081743037,0.036190376342848635,0.000816880050229193
394,1000.0,0.2,144.0,4.326638361678737e-06,0.20512820512820512,0.028621239171201195,0.03578217920751452,0.0008162151955540393
395,1000.0,0.2,145.0,8.26786885070609e-05,0.23076923076923075,0.028053352057684538,0.03592440367783198,0.0008075597637068817
396,1000.0,0.2,146.0,2.3222249412701676e-06,0.1794871794871795,0.02883073383123448,0.03559404045791897,0.0007741761350486447
397,1000.0,0.2,147.0,1.3890856036505457e-05,0.20512820512820512,0.028811354012123085,0.036541887653989774,0.0008614787974853189
398,1000.0,0.2,148.0,6.206204201907929e-05,0.20512820512820512,0.02869529122971941,0.03580177111728151,0.0008061070562800218
399,1000.0,0.2,149.0,6.11296546151774e-05,0.20512820512820512,0.030262238333969977,0.03836337881524375,0.0009426450902580388
400,1000.0,0.2,150.0,2.6567486757168596e-06,0.20512820512820512,0.03006813587870714,0.03842741206613722,0.0009608134650795515
401,1000.0,0.2,151.0,3.467642496729834e-05,0.20512820512820512,0.03225431468655965,0.04057140314753999,0.0010145949452311732
402,1000.0,0.2,152.0,1.7292686856544266e-05,0.1794871794871795,0.03116410928332234,0.037970102744030565,0.0009005663561515905
403,1000.0,0.2,153.0,3.5125015213827765e-06,0.20512820512820512,0.029824912130769893,0.03806264655383825,0.000924154973415459
404,1000.0,0.2,154.0,2.4725314361596057e-06,0.20512820512820512,0.03176117478674404,0.039619959658410905,0.0009620079813410952
405,1000.0,0.2,155.0,1.985739478403315e-05,0.20512820512820512,0.02917591597909129,0.037162680036984794,0.0008311252841706889
406,1000.0,0.2,156.0,1.1340074040244078e-05,0.20512820512820512,0.02972320732486878,0.03704085649167455,0.0008878213058408193
407,1000.0,0.2,157.0,1.3340441010122974e-05,0.1794871794871795,0.030755451467501617,0.03793146582875017,0.0008770581899144394
408,1000.0,0.2,158.0,2.2003021147436093e-05,0.1794871794871795,0.03163016903248757,0.038492293000513905,0.000879519786199648
409,1000.0,0.2,159.0,2.1278694131361417e-05,0.20512820512820512,0.0317215955845151,0.03975763607568455,0.0009501085557887916
410,1000.0,0.2,160.0,8.812866583227136e-06,0.1794871794871795,0.033477314025412735,0.04121716236397056,0.0009731313947882455
411,1000.0,0.2,161.0,2.084617957218525e-05,0.1794871794871795,0.02782160354469276,0.03409515865740113,0.0007873475408719818
412,1000.0,0.2,162.0,1.8565434749223454e-05,0.2564102564102564,0.028697193288310923,0.03798172357357274,0.000894626120760621
413,1000.0,0.2,163.0,1.5357048809616425e-06,0.20512820512820512,0.02885111180739618,0.03616939339373373,0.0008281691645179953
414,1000.0,0.2,164.0,1.4385216527376318e-05,0.23076923076923075,0.029979578739958764,0.0393619228670413,0.000889615400764417
415,1000.0,0.2,165.0,1.5300133129234236e-05,0.20512820512820512,0.02926169410645153,0.03730674060790695,0.0008269260700100045
416,1000.0,0.2,166.0,1.1508659413455642e-05,0.1794871794871795,0.030254741451925266,0.03738485183003012,0.0008369259343279019
417,1000.0,0.2,167.0,2.709322337721386e-06,0.23076923076923075,0.028786056141587284,0.037219757756416456,0.000892270048233391
418,1000.0,0.2,168.0,5.788124289593658e-05,0.15384615384615385,0.03111852527532985,0.03630598423269277,0.0008119394336239526
419,1000.0,0.2,169.0,1.303412753919746e-05,0.20512820512820512,0.02801693893836456,0.03530952317286897,0.0007588562867023329
420,1000.0,0.2,170.0,7.824437276034587e-06,0.20512820512820512,0.03217877309974107,0.04063549269615713,0.0009456825785039802
421,1000.0,0.2,171.0,4.5350695585623e-06,0.1794871794871795,0.031496111274780816,0.03900292635414488,0.0008942978944326347
422,1000.0,0.2,172.0,1.6703350813388822e-05,0.23076923076923075,0.030456190645868977,0.03903518001895549,0.0009249398801329618
423,1000.0,0.2,173.0,3.181215529101551e-05,0.20512820512820512,0.02961141676296126,0.03740431566617912,0.0009117187426711925
424,1000.0,0.2,174.0,1.9878400660427766e-05,0.20512820512820512,0.029365810062594356,0.03688800619965403,0.000866209735547666
425,1000.0,0.2,175.0,1.1372424555246044e-05,0.1794871794871795,0.031706017444293855,0.03896229779936866,0.0009025312721813423
426,1000.0,0.2,176.0,0.00012121560727150588,0.2564102564102564,0.028374145853818464,0.0375357475126408,0.0008808959799475131
427,1000.0,0.2,177.0,1.0142972777877184e-05,0.1794871794871795,0.030593164333408866,0.03751698259110443,0.0008400806805843431
428,1000.0,0.2,178.0,5.1329453219021255e-05,0.1794871794871795,0.03181358374395719,0.038377864831305245,0.0008476366658286254
429,1000.0,0.2,179.0,5.063557221555243e-05,0.1794871794871795,0.030172399834132,0.036924076027431016,0.000907699924252673
430,1000.0,0.2,180.0,4.04655806495691e-06,0.2564102564102564,0.029326989403534346,0.03907505389235856,0.0008782961118156397
431,1000.0,0.2,181.0,9.301693218935994e-06,0.20512820512820512,0.029861758298194152,0.03726384990562114,0.0009063534347686484
432,1000.0,0.2,182.0,1.451522704777747e-06,0.1794871794871795,0.0291157294979562,0.035641499388276265,0.0008042830018852726
433,1000.0,0.2,183.0,1.5646741536635755e-05,0.1794871794871795,0.030734845835533518,0.038049663443361664,0.0009530295611040752
434,1000.0,0.2,184.0,0.00011132770123058247,0.1794871794871795,0.029278143534999142,0.03602800282768858,0.0008384892548349951
435,1000.0,0.2,185.0,1.2152122320255788e-06,0.23076923076923075,0.028850111825713856,0.03775910850972066,0.0008693811171252388
436,1000.0,0.2,186.0,1.409946137495666e-05,0.20512820512820512,0.029889796589441825,0.037512904106641064,0.0008936862874011495
437,1000.0,0.2,187.0,3.57162006563877e-05,0.1794871794871795,0.031017547099313886,0.03795589739617156,0.0008999311200009978
438,1000.0,0.2,188.0,3.5341606799455395e-05,0.20512820512820512,0.03111877751777947,0.03855150759540299,0.000895095445855408
439,1000.0,0.2,189.0,1.2967818822014281e-05,0.15384615384615385,0.0324215059314981,0.03890307992379096,0.0009410654088689201
440,1000.0,0.2,190.0,6.6545082125623885e-06,0.1282051282051282,0.031547719259084214,0.03637651181700008,0.0008235554696941278
441,1000.0,0.2,191.0,0.00011203855553814385,0.23076923076923075,0.028640448131247186,0.037386013785370154,0.0008959028230256761
442,1000.0,0.2,192.0,2.255250855788484e-05,0.20512820512820512,0.027985636458006957,0.03559366363842268,0.000811776374068583
443,1000.0,0.2,193.0,2.282875399056472e-06,0.20512820512820512,0.029275048270074884,0.03655412750574886,0.000819145620458066
444,1000.0,0.2,194.0,8.589016389384577e-06,0.15384615384615385,0.031089666089557873,0.03668999720842942,0.000792672140844968
445,1000.0,0.2,195.0,7.414052473100618e-05,0.2564102564102564,0.02886842794137583,0.03824824092375787,0.0008557560831360473
446,1000.0,0.2,196.0,2.386218911999871e-05,0.20512820512820512,0.030866071059527413,0.0387539384561243,0.0009179037469832014
447,1000.0,0.2,197.0,1.4784724988801294e-05,0.20512820512820512,0.03024944054666436,0.03769599988736936,0.0009093482950972227
448,1000.0,0.2,198.0,5.183508029373752e-06,0.23076923076923075,0.028514470121113942,0.03687971222613674,0.0008354867005602353
449,1000.0,0.2,199.0,6.479432300432776e-06,0.1794871794871795,0.029387208897983,0.03630260810727886,0.0008505406505018743
450,1000.0,0.2,200.0,8.654829896839083e-05,0.23076923076923075,0.029693937864082864,0.039044508354150013,0.0008833981256936789
451,1000.0,0.2,201.0,1.2725229335773526e-05,0.1794871794871795,0.03087600946894634,0.037598814709866826,0.0009070707953213509
452,1000.0,0.2,202.0,2.0240247425521064e-05,0.23076923076923075,0.028605652620330782,0.03671975277607379,0.0008202265707687112
453,1000.0,0.2,203.0,7.262702235240295e-05,0.20512820512820512,0.0294761447465426,0.03760945555549034,0.0009288354424117196
454,1000.0,0.2,204.0,3.603831378552198e-05,0.20512820512820512,0.030555547653778554,0.03826926126857887,0.0008938535530936299
455,1000.0,0.2,205.0,8.215034982005043e-05,0.20512820512820512,0.02926524822815665,0.03743182271283678,0.0008537329016339045
456,1000.0,0.2,206.0,1.816013313176285e-05,0.20512820512820512,0.02935276646713418,0.036540806066411836,0.000830339343304537
457,1000.0,0.2,207.0,5.2204610758867425e-06,0.20512820512820512,0.02921165178757692,0.037237054962565456,0.0008490282818942494
458,1000.0,0.2,208.0,4.610799499433495e-05,0.1794871794871795,0.030940150577698156,0.03763006757964,0.0008356234129241139
459,1000.0,0.2,209.0,2.9160551894311307e-05,0.20512820512820512,0.03038887328015745,0.03811554559490917,0.0009340352041411995
460,1000.0,0.2,210.0,5.175118391101828e-05,0.20512820512820512,0.02942789571219487,0.03672929209379644,0.0008597396325769605
461,1000.0,0.2,211.0,3.958725569474913e-06,0.1794871794871795,0.030756417996340078,0.03789800659357496,0.0008921520061411184
462,1000.0,0.2,212.0,2.1925098528555273e-05,0.15384615384615385,0.030509609349994065,0.03585772344391489,0.0008322319692168343
463,1000.0,0.2,213.0,5.794388228116524e-05,0.20512820512820512,0.02945000640881761,0.03690178566236065,0.0008325141714494167
464,1000.0,0.2,214.0,2.553440070307714e-05,0.1794871794871795,0.030293705437551867,0.03644053520883628,0.0008388811708342194
465,1000.0,0.2,215.0,5.125076940004667e-05,0.20512820512820512,0.029440740077944717,0.03750791284911662,0.000884731212959461
466,1000.0,0.2,216.0,1.875827632136093e-05,0.1794871794871795,0.02963054090799477,0.03595699236514104,0.0008907954295239407
467,1000.0,0.2,217.0,4.794442446103913e-05,0.20512820512820512,0.031733791559768826,0.039758779632517026,0.0009438166807900352
468,1000.0,0.2,218.0,4.226383494795562e-05,0.2564102564102564,0.026625750694792418,0.035408255458929824,0.0008013750273442655
469,1000.0,0.2,219.0,1.1495511808073369e-05,0.1794871794871795,0.030516575641544384,0.03756192964448516,0.0009361740014187951
470,1000.0,0.2,220.0,2.2597300598926468e-05,0.1794871794871795,0.029175738257828633,0.035751016979340584,0.0008249055583284166
471,1000.0,0.2,221.0,1.751355229243882e-05,0.23076923076923075,0.029369474003171046,0.03819154832326797,0.000909983015851135
472,1000.0,0.2,222.0,2.8585106472797096e-05,0.1794871794871795,0.030551122940078033,0.037263023583095925,0.0008486045419164455
473,1000.0,0.2,223.0,2.3909231713331876e-05,0.20512820512820512,0.03207777732751298,0.039959150551937536,0.0009359608479135746
474,1000.0,0.2,224.0,3.713857953285256e-05,0.20512820512820512,0.031093088180070002,0.038901309283512674,0.0009102563973352458
475,1000.0,0.2,225.0,1.5673461565421236e-05,0.20512820512820512,0.029307975307230966,0.0363962389223644,0.0008844928776372221
476,1000.0,0.2,226.0,2.551612760622069e-05,0.23076923076923075,0.02977289830399231,0.039146905751038956,0.000966202340552667
477,1000.0,0.2,227.0,2.3823950033013232e-05,0.20512820512820512,0.027906157344681447,0.03527871947618205,0.0007986656071951133
478,1000.0,0.2,228.0,6.915845199573234e-05,0.2564102564102564,0.029572753820064943,0.03988676157076795,0.0009501252900880453
479,1000.0,0.2,229.0,3.834511238292439e-05,0.20512820512820512,0.029810074487171285,0.0378819039606524,0.0008825158281670108
480,1000.0,0.2,230.0,1.0351626445661466e-05,0.20512820512820512,0.028501706290097264,0.03540757870839474,0.0007842224054561459
481,1000.0,0.2,231.0,2.4019368382880314e-05,0.20512820512820512,0.030515552718198974,0.0379930027061886,0.0008491006301572262
482,1000.0,0.2,232.0,6.311577589113387e-05,0.20512820512820512,0.029017834883865303,0.036485316519028796,0.0008239993611653892
483,1000.0,0.2,233.0,8.123318165357855e-05,0.1794871794871795,0.030851734325030723,0.038140696503722725,0.0009129960792473597
484,1000.0,0.2,234.0,1.2400302713334784e-05,0.23076923076923075,0.030255027451261806,0.03877200253883841,0.0009156042374361691
485,1000.0,0.2,235.0,1.5519754641048986e-05,0.20512820512820512,0.028985158940912834,0.03611620656583116,0.0007858322014748106
486,1000.0,0.2,236.0,3.322151752540774e-05,0.1794871794871795,0.030665950022991727,0.03743399190960296,0.0008006264941130619
487,1000.0,0.2,237.0,7.57146383545859e-06,0.20512820512820512,0.029819599093902322,0.03698573743573727,0.0008174498077816449
488,1000.0,0.2,238.0,3.6802225064434636e-05,0.1794871794871795,0.031153335294880253,0.038393805533649183,0.0008927845614333929
489,1000.0,0.2,239.0,4.704805293427849e-05,0.20512820512820512,0.029954615296583047,0.037970261751681195,0.0008828236619585682
490,1000.0,0.2,240.0,1.2213131969411888e-05,0.20512820512820512,0.03125955726073205,0.03950292879284487,0.0009313959055012817
491,1000.0,0.2,241.0,3.2646215635636414e-05,0.15384615384615385,0.030551760372864733,0.03645127264108123,0.0008422435742762288
492,1000.0,0.2,242.0,3.6233894767525714e-05,0.1794871794871795,0.032200820642994385,0.03928334099834558,0.0009127956215239031
493,1000.0,0.2,243.0,2.5046454114244645e-05,0.20512820512820512,0.02869300792534224,0.036283244639041784,0.0008316216343564561
494,1000.0,0.2,244.0,2.4587988832523548e-06,0.20512820512820512,0.03035565130662928,0.03841440861068101,0.0008512180535632051
495,1000.0,0.2,245.0,6.411471317980142e-06,0.20512820512820512,0.027326326546239992,0.03451336455183927,0.0007777274191839087
496,1000.0,0.2,246.0,1.4852837904569223e-05,0.23076923076923075,0.029318038055427056,0.03813255273186927,0.0008428488399975129
497,1000.0,0.2,247.0,6.962563321299356e-06,0.20512820512820512,0.02929901677881034,0.03720435930678205,0.0008563147227289312
498,1000.0,0.2,248.0,5.126476860864285e-06,0.1794871794871795,0.02967526245680873,0.036687754385864524,0.0008449945366902916
499,1000.0,0.2,249.0,1.920476275332515e-05,0.20512820512820512,0.0298530010834562,0.037376445745791485,0.0008706477790369432
500,1000.0,0.4,0.0,0.00014902460680596535,0.41025641025641024,0.025364007265425544,0.04279484668385111,0.0009752602013629023
501,1000.0,0.4,1.0,2.1812877647824025e-05,0.3846153846153846,0.02505074661159433,0.040840798783105016,0.0009278404670316746
502,1000.0,0.4,2.0,1.706694466086421e-05,0.358974358974359,0.02582741504020248,0.03987828162913367,0.0008819521031094524
503,1000.0,0.4,3.0,9.876490986314814e-06,0.41025641025641024,0.024286734881459427,0.040526325226326806,0.0009121692252772122
504,1000.0,0.4,4.0,2.879123157030835e-05,0.3846153846153846,0.023912123948256574,0.03964362264024877,0.0008800327550233658
505,1000.0,0.4,5.0,2.9298317122852897e-05,0.3846153846153846,0.025467679855203748,0.04210664471596956,0.000896586826771862
506,1000.0,0.4,6.0,8.375497014156086e-05,0.41025641025641024,0.02497036141160749,0.04273755888340117,0.0010319638440363303
507,1000.0,0.4,7.0,3.0546699512483896e-06,0.41025641025641024,0.024440508275533436,0.04198558692398578,0.0009565355500205277
508,1000.0,0.4,8.0,3.505356163307384e-05,0.41025641025641024,0.025885277210067982,0.044102604341001904,0.0010024841820638205
509,1000.0,0.4,9.0,5.780870278865166e-06,0.41025641025641024,0.025173219130283288,0.042664642595472896,0.0010197234674709657
510,1000.0,0.4,10.0,5.1209942694527444e-05,0.3846153846153846,0.022641661728901943,0.037448222613569386,0.0008002646191431256
511,1000.0,0.4,11.0,4.473160072594735e-05,0.4615384615384615,0.024389673863124448,0.045000417298908704,0.0010704168178110177
512,1000.0,0.4,12.0,0.00011697949243812707,0.3846153846153846,0.02604853467612242,0.0428532321325817,0.0010154383741908832
513,1000.0,0.4,13.0,3.5253116051912074e-05,0.41025641025641024,0.025421277246599098,0.04223544418297177,0.0010263354779603616
514,1000.0,0.4,14.0,0.00018117247885182013,0.3846153846153846,0.024528685034904036,0.03947686784082818,0.0009416023229383595
515,1000.0,0.4,15.0,5.0463216605008325e-05,0.41025641025641024,0.024891266833839843,0.042159549601112546,0.000954420566676648
516,1000.0,0.4,16.0,2.5484735874380635e-05,0.3846153846153846,0.02625085950691423,0.04287014669132656,0.0010576691352222373
517,1000.0,0.4,17.0,9.932683044176145e-05,0.3846153846153846,0.024979229561244893,0.04081544844680184,0.0009565552250225415
518,1000.0,0.4,18.0,0.00011326850731017271,0.41025641025641024,0.026736232276284,0.04493699703530959,0.0010622409310019156
519,1000.0,0.4,19.0,9.248466507759025e-06,0.3846153846153846,0.026466669550741947,0.04227673632718984,0.0010324154568047972
520,1000.0,0.4,20.0,9.530169011952603e-05,0.3846153846153846,0.024712108180188777,0.03997246350051495,0.0008803172982902304
521,1000.0,0.4,21.0,1.4806491011455745e-05,0.3846153846153846,0.024604350778189434,0.03996847641967642,0.0009337279952224469
522,1000.0,0.4,22.0,2.7720898731380768e-05,0.3846153846153846,0.025900764196357833,0.04237178090110999,0.0010420960880414545
523,1000.0,0.4,23.0,8.059516187469054e-06,0.3846153846153846,0.0256875232493791,0.04254176764338231,0.0009357199456480166
524,1000.0,0.4,24.0,9.410479035287475e-05,0.3846153846153846,0.025450036565781677,0.04096097251791313,0.0009156102737468661
525,1000.0,0.4,25.0,9.440215841985825e-05,0.3846153846153846,0.025526262924420264,0.04131335381954277,0.0009824602796815209
526,1000.0,0.4,26.0,9.651485089491531e-05,0.4358974358974359,0.024523984901067476,0.0429987371277777,0.0009946642315777992
527,1000.0,0.4,27.0,8.186495971340255e-05,0.41025641025641024,0.026555531091918827,0.044339955094893,0.0010722025604077566
528,1000.0,0.4,28.0,6.514180827294954e-05,0.358974358974359,0.026108114480650528,0.04047379321422986,0.0009361322118553529
529,1000.0,0.4,29.0,2.6299136500797048e-05,0.41025641025641024,0.02518957395927205,0.04202316601453222,0.0010131764814763967
530,1000.0,0.4,30.0,1.935825969275574e-05,0.3846153846153846,0.02386406664747568,0.03944753364352644,0.0008732290199939759
531,1000.0,0.4,31.0,3.3257645193068036e-05,0.41025641025641024,0.0247321018180471,0.04197154665749187,0.0009019417162694984
532,1000.0,0.4,32.0,3.855574258182722e-05,0.4358974358974359,0.024695817719210277,0.04322555645551985,0.001004898136307533
533,1000.0,0.4,33.0,2.025215667696762e-05,0.4358974358974359,0.024017278137493034,0.04163669559605195,0.0009482794233071697
534,1000.0,0.4,34.0,1.1416513460051895e-05,0.41025641025641024,0.025160700591149377,0.04288592101731722,0.000995359952828749
535,1000.0,0.4,35.0,2.340894775171844e-05,0.41025641025641024,0.026290365774052197,0.043782149471911926,0.0009641176468972863
536,1000.0,0.4,36.0,2.354652191298316e-05,0.41025641025641024,0.02619856526131358,0.04431160856499178,0.000991974017924481
537,1000.0,0.4,37.0,2.5732904938339456e-06,0.3846153846153846,0.026128316937587374,0.04178404758892747,0.0009680153983103213
538,1000.0,0.4,38.0,9.930071569071432e-05,0.41025641025641024,0.02528868422688027,0.043210534938026755,0.0010525167990264083
539,1000.0,0.4,39.0,8.63142766375905e-05,0.358974358974359,0.024708568596498066,0.038719523055160625,0.0008765628050817967
540,1000.0,0.4,40.0,3.0019677629667715e-05,0.41025641025641024,0.025061088886327357,0.04288853444439662,0.000980218473419971
541,1000.0,0.4,41.0,0.00011627669093226507,0.41025641025641024,0.026011826764504614,0.04370189609414206,0.0010292821444372322
542,1000.0,0.4,42.0,1.3850556628065329e-05,0.41025641025641024,0.02396192760875906,0.04011326316599683,0.0008598453278505834
543,1000.0,0.4,43.0,1.862733406244317e-05,0.3846153846153846,0.02572175238342276,0.0414042209065831,0.0009523156994281148
544,1000.0,0.4,44.0,2.3753925901810932e-05,0.41025641025641024,0.025017846359126045,0.04241688465301618,0.000971817807538002
545,1000.0,0.4,45.0,0.00014012896762192746,0.41025641025641024,0.024490187207260667,0.04163516844940076,0.000925290140752335
546,1000.0,0.4,46.0,2.4632930330931427e-05,0.3846153846153846,0.024635544475987065,0.03981570292205593,0.0008925293414891673
547,1000.0,0.4,47.0,4.505335592552492e-05,0.358974358974359,0.026508075693300243,0.04139131775025439,0.0010521016529254873
548,1000.0,0.4,48.0,7.007504437349049e-05,0.3846153846153846,0.02464064403527988,0.040899720217675364,0.0009216735597881294
549,1000.0,0.4,49.0,2.012430505502711e-05,0.41025641025641024,0.025201628421851578,0.04261542925595652,0.001011384553873483
550,1000.0,0.4,50.0,3.30062304686974e-05,0.41025641025641024,0.023886178940992646,0.039805912188622034,0.0009229910562780541
551,1000.0,0.4,51.0,1.4325503011607608e-05,0.41025641025641024,0.0249716281101676,0.04278670577737758,0.0009685109164711751
552,1000.0,0.4,52.0,5.096851173908667e-05,0.41025641025641024,0.025458345994094307,0.04355029838672952,0.0010274066803021445
553,1000.0,0.4,53.0,3.708873404752255e-05,0.41025641025641024,0.02582806337231759,0.04348736621723783,0.001039969813393909
554,1000.0,0.4,54.0,0.00019535001846907363,0.41025641025641024,0.02590574877833146,0.044114214305053336,0.0010760215868015604
555,1000.0,0.4,55.0,7.271229334739803e-05,0.41025641025641024,0.02547368611619721,0.04377442665494999,0.0010634937828399341
556,1000.0,0.4,56.0,0.00010696153914049713,0.3846153846153846,0.025884449945511236,0.04265191644769854,0.0009959462869071987
557,1000.0,0.4,57.0,6.974996071198045e-05,0.41025641025641024,0.023388572481058276,0.039953959664535535,0.0009073201090996095
558,1000.0,0.4,58.0,9.042649737821513e-06,0.3846153846153846,0.026407071229703597,0.042424737336808266,0.0010259314123732498
559,1000.0,0.4,59.0,8.86104910360559e-06,0.358974358974359,0.025643500529416427,0.040575067543444844,0.0009923858694711833
560,1000.0,0.4,60.0,1.2976861492729671e-05,0.41025641025641024,0.025483704892916688,0.043832312118076346,0.0010095724843960019
561,1000.0,0.4,61.0,2.484759923741708e-05,0.3846153846153846,0.02532481206453795,0.041279348061219995,0.0009189484055739636
562,1000.0,0.4,62.0,1.2101880350855142e-05,0.3846153846153846,0.02475600083979788,0.04106100692691312,0.0009447320742944406
563,1000.0,0.4,63.0,6.0003612232764155e-05,0.4358974358974359,0.025927463782112966,0.04519354024006423,0.001026706136378268
564,1000.0,0.4,64.0,5.975891102576327e-06,0.41025641025641024,0.024715369000075583,0.04269891948772116,0.0010449990613825258
565,1000.0,0.4,65.0,3.450764986842157e-05,0.358974358974359,0.025820113841397478,0.04047222805067406,0.0009463499793660867
566,1000.0,0.4,66.0,7.755176851384125e-05,0.41025641025641024,0.024303822185033817,0.04191939294726928,0.0009434428850156987
567,1000.0,0.4,67.0,0.0003587505547223082,0.358974358974359,0.025543242061466024,0.040547542856378585,0.0009074737097532961
568,1000.0,0.4,68.0,1.3578083129606219e-05,0.3846153846153846,0.025375161896666866,0.041134175418228655,0.0009699265554155002
569,1000.0,0.4,69.0,5.5453289808205394e-05,0.41025641025641024,0.025783962744145322,0.043678308288330914,0.0010781027259849794
570,1000.0,0.4,70.0,5.050844712074211e-05,0.4358974358974359,0.023709494084443002,0.04178882824282089,0.0009172613795337038
571,1000.0,0.4,71.0,0.00010682273092313961,0.3846153846153846,0.025193872659912006,0.040439043647911836,0.000936850126036471
572,1000.0,0.4,72.0,3.10261050642068e-05,0.41025641025641024,0.025793072739824435,0.04297695682537407,0.0010059538772585485
573,1000.0,0.4,73.0,3.406378013361072e-05,0.3846153846153846,0.02502412764902333,0.040841579939626324,0.0009403556465902179
574,1000.0,0.4,74.0,5.4845096482522026e-05,0.3846153846153846,0.025174024358899396,0.04173208301163637,0.0009321759864831758
575,1000.0,0.4,75.0,9.181943787474736e-05,0.358974358974359,0.027131094022019783,0.042796764988248005,0.0010244673295984905
576,1000.0,0.4,76.0,4.098591432802393e-05,0.41025641025641024,0.024491359287308105,0.04079599784885658,0.0009405256245116531
577,1000.0,0.4,77.0,1.2301713935358899e-05,0.41025641025641024,0.02518712303384785,0.04302476009631277,0.0009838761874422241
578,1000.0,0.4,78.0,2.335012180780336e-05,0.41025641025641024,0.023501304883820157,0.03938831920255748,0.0009378626573211052
579,1000.0,0.4,79.0,1.9874949028054845e-05,0.41025641025641024,0.026834314849429008,0.04496069352101075,0.0010430612476440197
580,1000.0,0.4,80.0,2.7114397263542793e-05,0.41025641025641024,0.025144157288152134,0.04193569958725494,0.0009010381138464357
581,1000.0,0.4,81.0,1.3717194922189867e-05,0.3846153846153846,0.02535548813767513,0.041504778162675844,0.0010006207440210455
582,1000.0,0.4,82.0,9.345706430520169e-05,0.41025641025641024,0.02489692401692014,0.04222976591407637,0.0009640026683138981
583,1000.0,0.4,83.0,1.1127648133247256e-05,0.3846153846153846,0.025783558908541705,0.04170676677702296,0.0009301341621621563
584,1000.0,0.4,84.0,5.486400986876473e-06,0.41025641025641024,0.024286374863509024,0.04202391013078512,0.0009972638725621308
585,1000.0,0.4,85.0,2.2987075173242748e-05,0.41025641025641024,0.025003092837479906,0.04184877110489691,0.0009463642795713129
586,1000.0,0.4,86.0,1.857539377823834e-05,0.3846153846153846,0.026007825848099617,0.042352070473642256,0.001033864569046675
587,1000.0,0.4,87.0,7.810639553981776e-05,0.3846153846153846,0.026349409893693245,0.04235898543461346,0.0009948387562286368
588,1000.0,0.4,88.0,0.00016898548242752148,0.358974358974359,0.02588277726963729,0.041088930472898556,0.000957725158186394
589,1000.0,0.4,89.0,2.2513959457718393e-05,0.41025641025641024,0.02521929893119573,0.042719499729764666,0.0010068197870651495
590,1000.0,0.4,90.0,2.9977346882622227e-05,0.3846153846153846,0.024064640179223728,0.03917056792725202,0.0008424547054166487
591,1000.0,0.4,91.0,2.813786735392021e-05,0.3846153846153846,0.025806627316033195,0.042469103634739255,0.0009604532674057782
592,1000.0,0.4,92.0,1.0459049045564684e-05,0.41025641025641024,0.026354712070130154,0.04436507739437235,0.0010592690803289072
593,1000.0,0.4,93.0,8.206247261999349e-05,0.41025641025641024,0.025498063191780756,0.04352543276151301,0.0009588841490791718
594,1000.0,0.4,94.0,1.9432237731536042e-05,0.41025641025641024,0.02333139276439232,0.039427202347347874,0.0008610373241019113
595,1000.0,0.4,95.0,5.259314039742751e-05,0.41025641025641024,0.024791166618364245,0.04127612758420042,0.0009145634485011162
596,1000.0,0.4,96.0,0.00011228562889307118,0.4358974358974359,0.025372745406358376,0.04429450702706021,0.0009882795647384098
597,1000.0,0.4,97.0,2.496948312659399e-05,0.3846153846153846,0.025152138968539132,0.04158422126922971,0.0009379766155320022
598,1000.0,0.4,98.0,5.2135963408848556e-05,0.358974358974359,0.025657910424742164,0.040595663504777973,0.0009600168815244742
599,1000.0,0.4,99.0,0.00010140653427878915,0.4615384615384615,0.024806579159021902,0.04587186491997622,0.0010578426364916446
600,1000.0,0.4,100.0,8.037241111818563e-05,0.358974358974359,0.024627803460405325,0.03803462431399323,0.0007974760795598933
601,1000.0,0.4,101.0,0.00014064055536496187,0.3846153846153846,0.025622034218965084,0.04122289865157414,0.0009289403855784029
602,1000.0,0.4,102.0,6.159706570805839e-06,0.3846153846153846,0.024562321453362637,0.040068166129105666,0.0008825273637313321
603,1000.0,0.4,103.0,1.9395554959881658e-05,0.3846153846153846,0.02438743677652028,0.039846231528400236,0.000894537182000855
604,1000.0,0.4,104.0,6.339027255914241e-05,0.41025641025641024,0.024865555309452936,0.04286537617944054,0.0009696903217053042
605,1000.0,0.4,105.0,2.449128684751338e-05,0.41025641025641024,0.02468548337667638,0.04206217714715667,0.0009773368611176317
606,1000.0,0.4,106.0,9.61455313291044e-06,0.3846153846153846,0.024071839288291725,0.039165382359368756,0.0008594051502424667
607,1000.0,0.4,107.0,4.119905849178997e-05,0.3846153846153846,0.02467801018458139,0.03972415991618456,0.0009180332814449842
608,1000.0,0.4,108.0,7.501297437304746e-05,0.41025641025641024,0.026481026495623332,0.04424046134606763,0.0010297896472350493
609,1000.0,0.4,109.0,0.00020094939449427963,0.4358974358974359,0.026125705801111704,0.04673415249978655,0.0011298082257506137
610,1000.0,0.4,110.0,1.5129361722978085e-05,0.4358974358974359,0.02474725973824974,0.04313291035397117,0.0009867214616368304
611,1000.0,0.4,111.0,1.7470357642658948e-05,0.41025641025641024,0.025484309067957303,0.042807043086724776,0.0009943394235549297
612,1000.0,0.4,112.0,7.913830474475161e-05,0.3846153846153846,0.025167294746241648,0.04164835822086874,0.0009451131689239521
613,1000.0,0.4,113.0,9.205779421519934e-06,0.3846153846153846,0.02612032349137443,0.04188394232860784,0.0009880359102584356
614,1000.0,0.4,114.0,4.3840595253619325e-05,0.358974358974359,0.02544092283099116,0.040034155550039884,0.0008599544094341413
615,1000.0,0.4,115.0,3.991514664348431e-05,0.358974358974359,0.02562470350410533,0.04057138455148648,0.0008817164252762757
616,1000.0,0.4,116.0,2.6551134872943214e-05,0.3846153846153846,0.024701051099271967,0.040066232622435166,0.0009037357714043548
617,1000.0,0.4,117.0,3.068077360997864e-05,0.3846153846153846,0.02611253371482178,0.042327724185834026,0.0009664089902255675
618,1000.0,0.4,118.0,0.00016972899155802738,0.3846153846153846,0.024738416279531043,0.039849553673348206,0.0008904681519413914
619,1000.0,0.4,119.0,2.8651095971672318e-05,0.3846153846153846,0.02422267967239693,0.03991928131423203,0.0008352122023289095
620,1000.0,0.4,120.0,1.47274369050445e-05,0.3846153846153846,0.023247414315752373,0.0384100483998167,0.0008355671673366395
621,1000.0,0.4,121.0,1.0558833541284274e-05,0.41025641025641024,0.025297270681031304,0.04250915922452631,0.000982530789916221
622,1000.0,0.4,122.0,8.244924332081288e-06,0.3846153846153846,0.026857482678187335,0.04351992264777752,0.0010168409320664722
623,1000.0,0.4,123.0,1.8916514989049492e-05,0.41025641025641024,0.025186831519156724,0.042954051850569934,0.0010251181309438172
624,1000.0,0.4,124.0,1.798514925878778e-05,0.4358974358974359,0.025420926978717766,0.045060493778686844,0.0010221614231984645
625,1000.0,0.4,125.0,1.4183495945922242e-05,0.3846153846153846,0.026764701525370107,0.04325445425316762,0.0010096176103192545
626,1000.0,0.4,126.0,2.6601359823437767e-05,0.3846153846153846,0.0266010799030777,0.04381296825776957,0.0010178116066730358
627,1000.0,0.4,127.0,4.880094313810347e-05,0.3846153846153846,0.02389666905186886,0.03969683077875976,0.0009089811335977952
628,1000.0,0.4,128.0,1.268317087160778e-05,0.41025641025641024,0.02458318643285214,0.041480285018175994,0.000884448252459564
629,1000.0,0.4,129.0,6.0205678610216994e-05,0.41025641025641024,0.026146369450541624,0.043844303031233565,0.000990262523021712
630,1000.0,0.4,130.0,1.5305156362245668e-05,0.358974358974359,0.023138069225407638,0.03629411654762734,0.0008528357940642885
631,1000.0,0.4,131.0,4.055637084095581e-05,0.41025641025641024,0.024214177874715307,0.0409135061241864,0.0009174715336269626
632,1000.0,0.4,132.0,3.2282104247616456e-06,0.4358974358974359,0.02434995123104615,0.04253630103427191,0.0009796939840082185
633,1000.0,0.4,133.0,4.654807185667404e-05,0.41025641025641024,0.02520050078375752,0.043449698173640375,0.0009929809352895074
634,1000.0,0.4,134.0,6.234765896313121e-06,0.358974358974359,0.025727477513722723,0.0409113694287434,0.0009283088344987847
635,1000.0,0.4,135.0,2.994733155000074e-05,0.4358974358974359,0.02467689149969832,0.04442912449239684,0.001061058482880654
636,1000.0,0.4,136.0,4.417957641984027e-05,0.3846153846153846,0.026383935958619122,0.04291267899684917,0.0010126814424292433
637,1000.0,0.4,137.0,0.00011073859538911401,0.3846153846153846,0.02535566812470975,0.04144117924021766,0.000938681333180834
638,1000.0,0.4,138.0,1.458636667756479e-05,0.4358974358974359,0.026122998891169293,0.04601617821851669,0.0010677089726677475
639,1000.0,0.4,139.0,4.983593119759427e-05,0.3846153846153846,0.0253757517508146,0.040821970474672606,0.0009350906662796833
640,1000.0,0.4,140.0,2.1306037341220972e-05,0.4358974358974359,0.023722736304914865,0.04107992681364095,0.0009314481947869536
641,1000.0,0.4,141.0,6.710287099356347e-05,0.3846153846153846,0.025205694568144966,0.041066178586897664,0.0009065856684675048
642,1000.0,0.4,142.0,5.371974314993883e-06,0.41025641025641024,0.02633169500349038,0.04456098120238501,0.0010383879008810538
643,1000.0,0.4,143.0,3.5202418294892775e-05,0.41025641025641024,0.026015630248130646,0.043610020219709,0.000981711191010103
644,1000.0,0.4,144.0,6.92577135199909e-06,0.3846153846153846,0.02560396135644043,0.04165080128815373,0.0009679983088115223
645,1000.0,0.4,145.0,6.654639308050373e-05,0.41025641025641024,0.024440347351698477,0.04151139676407936,0.0009194048371619616
646,1000.0,0.4,146.0,7.007912270307192e-05,0.4358974358974359,0.02542495254773387,0.04455965604097014,0.0009837171832004794
647,1000.0,0.4,147.0,6.843400020714511e-05,0.3846153846153846,0.02511022593557821,0.04040623794066436,0.0009603124046993366
648,1000.0,0.4,148.0,3.647936598209515e-05,0.3846153846153846,0.02533567932875664,0.04064589357750458,0.0008757061007576128
649,1000.0,0.4,149.0,3.800038517282601e-05,0.3846153846153846,0.025424633524855016,0.041525366159362004,0.0009527384504440306
650,1000.0,0.4,150.0,2.762188088067366e-05,0.41025641025641024,0.024810820848832668,0.041576699460173006,0.000923689079352114
651,1000.0,0.4,151.0,1.3910628169954259e-05,0.41025641025641024,0.025150563387099048,0.04180321013346113,0.0009636378979749351
652,1000.0,0.4,152.0,7.771214551336177e-05,0.3846153846153846,0.02718955250379506,0.04404264287035692,0.0010209780254553994
653,1000.0,0.4,153.0,5.935150636459654e-05,0.358974358974359,0.02662641336854052,0.04086693443460614,0.0009408283007057177
654,1000.0,0.4,154.0,2.8412092658847668e-05,0.41025641025641024,0.025964510039691,0.04360386823674405,0.0010005109958417316
655,1000.0,0.4,155.0,1.6141166768416283e-05,0.41025641025641024,0.023557474656740754,0.03920497247863688,0.0008271913855983443
656,1000.0,0.4,156.0,3.119647243893455e-05,0.3846153846153846,0.02468901601926452,0.04066657849820484,0.0009269134420594762
657,1000.0,0.4,157.0,2.126714295870057e-05,0.41025641025641024,0.025275585159193696,0.04213884873348934,0.00099343311337209
658,1000.0,0.4,158.0,7.379284813116049e-05,0.41025641025641024,0.02297275870163607,0.03878274277463697,0.0008925139203363062
659,1000.0,0.4,159.0,3.7611153864562924e-06,0.3846153846153846,0.02763480682264942,0.044984657232656135,0.0010887857521524
660,1000.0,0.4,160.0,8.370727084028236e-05,0.3846153846153846,0.024759648358044527,0.03997347699613409,0.000964161828283662
661,1000.0,0.4,161.0,0.0003131238412460192,0.3846153846153846,0.02400052749634505,0.03892960745630931,0.0009008058059145116
662,1000.0,0.4,162.0,8.047748697521673e-06,0.41025641025641024,0.02369872072606696,0.03986971152125724,0.0008897513023173861
663,1000.0,0.4,163.0,4.1863995226824274e-05,0.3846153846153846,0.02394277545229907,0.03960023878982918,0.0009057974083806136
664,1000.0,0.4,164.0,1.5460872074554264e-05,0.3846153846153846,0.024842043615156198,0.04003020311046227,0.0009125623125647591
665,1000.0,0.4,165.0,3.724508447001874e-05,0.41025641025641024,0.02422152134898846,0.04040352533515527,0.0008873622541549582
666,1000.0,0.4,166.0,7.202357076856768e-06,0.3846153846153846,0.027652142458344627,0.0453600839804004,0.0011173702350794784
667,1000.0,0.4,167.0,1.7330685702214693e-05,0.41025641025641024,0.02432680369651965,0.04137363811988182,0.0010025313136548216
668,1000.0,0.4,168.0,5.3245934828430285e-05,0.3846153846153846,0.026622441724561702,0.043653031528997306,0.0010191182607696269
669,1000.0,0.4,169.0,3.0441175814044698e-05,0.41025641025641024,0.024999408240827525,0.04207914733949115,0.0009939097899998132
670,1000.0,0.4,170.0,7.379312453174405e-05,0.41025641025641024,0.024072936839150332,0.040599116609034085,0.0008648528774460947
671,1000.0,0.4,171.0,6.707627912178077e-06,0.3846153846153846,0.026024449373765173,0.04288108164964612,0.0010370377397642917
672,1000.0,0.4,172.0,3.2902604823162756e-05,0.358974358974359,0.026051031229478928,0.0400934510520262,0.0009158672607998018
673,1000.0,0.4,173.0,3.715849609662672e-05,0.3846153846153846,0.025313558537589344,0.04161620905500702,0.000997751132469564
674,1000.0,0.4,174.0,1.6159762866595664e-06,0.358974358974359,0.02626524719384287,0.04151283911602956,0.0009940753871051507
675,1000.0,0.4,175.0,3.8809223602971575e-05,0.41025641025641024,0.026330827034019167,0.04535058342418474,0.001065966722201529
676,1000.0,0.4,176.0,0.00015752168728730453,0.41025641025641024,0.026251512928684304,0.04446929265967593,0.000976415459822333
677,1000.0,0.4,177.0,2.6166637471498853e-05,0.3846153846153846,0.02396055742624716,0.03951920737686703,0.0008645280595501348
678,1000.0,0.4,178.0,9.960004114081833e-06,0.41025641025641024,0.026279947562129816,0.044137763900905756,0.0010393062691157792
679,1000.0,0.4,179.0,2.3694930774797094e-05,0.41025641025641024,0.026402769266488064,0.044611329583115665,0.0010119184226873746
680,1000.0,0.4,180.0,6.462335429225793e-05,0.4358974358974359,0.025240810654321773,0.04398780639513322,0.0009995296227300406
681,1000.0,0.4,181.0,1.2448778837226616e-05,0.3846153846153846,0.023946644579289116,0.03947559482088198,0.0008438557920546408
682,1000.0,0.4,182.0,8.35833166026018e-05,0.3846153846153846,0.0256994063507268,0.04248632892584511,0.0009822143219873976
683,1000.0,0.4,183.0,4.94432105562945e-06,0.3846153846153846,0.0258128188343407,0.04185295954249265,0.0009485365499037388
684,1000.0,0.4,184.0,2.0998151404685035e-05,0.41025641025641024,0.026466465779605392,0.04416907040025987,0.001082824850630083
685,1000.0,0.4,185.0,3.653186051391601e-05,0.41025641025641024,0.02535369603723016,0.04257618195715232,0.0009857293552663062
686,1000.0,0.4,186.0,1.81037106228177e-05,0.4358974358974359,0.024524919228149367,0.04356710561375174,0.0010114804309828565
687,1000.0,0.4,187.0,7.3178361948268865e-06,0.358974358974359,0.024527667865011493,0.03834758316584889,0.0009153891808572478
688,1000.0,0.4,188.0,4.395485646500389e-05,0.41025641025641024,0.02632393607403249,0.044897832928251044,0.0010111533949221203
689,1000.0,0.4,189.0,8.91473008366191e-05,0.41025641025641024,0.025191447054136284,0.042830920408825836,0.0010166979226103447
690,1000.0,0.4,190.0,1.646652508644685e-05,0.3846153846153846,0.026213443130366363,0.04307439897557691,0.0010066926275754118
691,1000.0,0.4,191.0,3.218233759970865e-05,0.41025641025641024,0.02692203395965107,0.04501210609581837,0.0010476695313144143
692,1000.0,0.4,192.0,3.0110284191424735e-05,0.3846153846153846,0.026354125453007676,0.04205995060146808,0.0009215705159190915
693,1000.0,0.4,193.0,6.001011065497859e-05,0.3846153846153846,0.025622325768208224,0.04166925988890981,0.0009237243682925273
694,1000.0,0.4,194.0,1.5088727840582041e-05,0.41025641025641024,0.02491394194450417,0.04214136792686839,0.0009924691091129825
695,1000.0,0.4,195.0,1.9389648605337716e-05,0.358974358974359,0.025811838186453235,0.04071247609478428,0.0009180204266288515
696,1000.0,0.4,196.0,3.635659606866475e-05,0.41025641025641024,0.024395274470703034,0.04125485817532788,0.0009838002174525887
697,1000.0,0.4,197.0,6.253162869264057e-05,0.3846153846153846,0.02545281457068709,0.0409375950383436,0.0008959696286861177
698,1000.0,0.4,198.0,9.89564333027389e-05,0.3846153846153846,0.024580317336168212,0.03936570140606056,0.0008505886148308775
699,1000.0,0.4,199.0,0.00013613981545476737,0.3846153846153846,0.026442218732916828,0.042471425790809404,0.000991171529834116
700,1000.0,0.4,200.0,7.587369594877297e-05,0.41025641025641024,0.022878299240690684,0.03914488128477177,0.0008771747796795779
701,1000.0,0.4,201.0,3.810237473962784e-05,0.41025641025641024,0.02496921144012181,0.042578532926338994,0.0010294366144341502
702,1000.0,0.4,202.0,3.3857046079217086e-05,0.358974358974359,0.025494746663264723,0.04021970436999739,0.0009649153090808307
703,1000.0,0.4,203.0,2.1763762186910948e-05,0.3846153846153846,0.026003852462745683,0.04184044044036862,0.0010223111925859796
704,1000.0,0.4,204.0,6.281086296801141e-05,0.41025641025641024,0.024281260593798617,0.04064194244439308,0.0009537800047958321
705,1000.0,0.4,205.0,4.3964632299641513e-05,0.4358974358974359,0.02420326614149888,0.04216399108797016,0.0009661468768266397
706,1000.0,0.4,206.0,3.0933338231095086e-05,0.41025641025641024,0.02554388626384708,0.04381407926030947,0.0010411512715326223
707,1000.0,0.4,207.0,1.3016515477817046e-05,0.3846153846153846,0.026088716210482563,0.041760278955458106,0.0010195879766674528
708,1000.0,0.4,208.0,1.178320731616194e-05,0.4358974358974359,0.024861207118836288,0.044005828635230386,0.0009752944901474354
709,1000.0,0.4,209.0,2.7897934494120674e-05,0.41025641025641024,0.02429725703634838,0.0412117111892762,0.0009344143975413566
710,1000.0,0.4,210.0,1.4761084940165883e-05,0.3846153846153846,0.024790427092742106,0.04050308957528983,0.0009182931360938035
711,1000.0,0.4,211.0,2.4418888159146718e-05,0.3333333333333333,0.026870227183827675,0.040410878188789454,0.0009482640725934645
712,1000.0,0.4,212.0,1.7684504754954022e-05,0.3846153846153846,0.024086452548664896,0.03961878136444723,0.0008648058334933846
713,1000.0,0.4,213.0,8.519916863052152e-05,0.358974358974359,0.02626953809527302,0.04067598936672166,0.0009170648799750284
714,1000.0,0.4,214.0,1.8047780970548053e-05,0.41025641025641024,0.02530218639605637,0.04270003978568549,0.000965423468497857
715,1000.0,0.4,215.0,6.1739899905235375e-06,0.3846153846153846,0.024464184963751603,0.03957506477917249,0.0008933057914768261
716,1000.0,0.4,216.0,4.580645515215039e-05,0.41025641025641024,0.024621970455785454,0.042508047013279746,0.0010302866579835
717,1000.0,0.4,217.0,3.585249782205974e-05,0.3846153846153846,0.02611576563402004,0.04323167523358704,0.000997033985388329
718,1000.0,0.4,218.0,4.738459025189299e-05,0.4358974358974359,0.023152399580018884,0.04109926773751568,0.000961790489423318
719,1000.0,0.4,219.0,5.9788657039021705e-05,0.3846153846153846,0.025603619571256828,0.04157557974992809,0.0009571332713648826
720,1000.0,0.4,220.0,9.24383084296043e-05,0.3846153846153846,0.02496720110829179,0.04014820490732727,0.0009090259074856919
721,1000.0,0.4,221.0,5.727612538079438e-05,0.41025641025641024,0.02547653286246765,0.04402657765217548,0.0010526852824056545
722,1000.0,0.4,222.0,1.7936416558169932e-05,0.3846153846153846,0.025474107825785686,0.041911763341213965,0.0009114416030101945
723,1000.0,0.4,223.0,1.4181495391214116e-05,0.3846153846153846,0.024445904199877813,0.04027053851850907,0.0009179979688678345
724,1000.0,0.4,224.0,6.471369854092579e-05,0.41025641025641024,0.024637087245082057,0.041042395402263794,0.0009356046232196908
725,1000.0,0.4,225.0,9.327136525487503e-06,0.3846153846153846,0.027080619455637903,0.04422169560421275,0.0010167802081410306
726,1000.0,0.4,226.0,6.4521630294535085e-06,0.3846153846153846,0.02430768616315792,0.04005781683698108,0.0009168697632672325
727,1000.0,0.4,227.0,1.1131898465264583e-05,0.41025641025641024,0.022402462136683243,0.03801337695468659,0.0008262571715590565
728,1000.0,0.4,228.0,5.126852537943865e-05,0.4358974358974359,0.02465827582572614,0.04406067850990017,0.001056343448241
729,1000.0,0.4,229.0,4.53878973474786e-05,0.4358974358974359,0.025390405118161312,0.04464900544257404,0.0010515577965662939
730,1000.0,0.4,230.0,1.551529461026899e-05,0.41025641025641024,0.025886057038276015,0.043159819393635585,0.001022016521853757
731,1000.0,0.4,231.0,1.9624926724431996e-05,0.358974358974359,0.026176128834812608,0.041456083145286766,0.0009904328854736803
732,1000.0,0.4,232.0,8.100986988873057e-05,0.358974358974359,0.02558598666041998,0.040640559567783174,0.0009178151292866485
733,1000.0,0.4,233.0,3.90680156687807e-05,0.3846153846153846,0.025965613642281175,0.041727317912063015,0.0009500532178958447
734,1000.0,0.4,234.0,9.520629171718137e-06,0.358974358974359,0.02645747491352808,0.041823879201629,0.0009525385022411415
735,1000.0,0.4,235.0,6.645668775134328e-05,0.41025641025641024,0.02531441307020822,0.042780862587255795,0.0009954043470854566
736,1000.0,0.4,236.0,2.1029675949672935e-05,0.3846153846153846,0.024740601985477697,0.039887222600779225,0.0009188863125261824
737,1000.0,0.4,237.0,1.4578884351743032e-05,0.3846153846153846,0.02446191299694986,0.04059404827224436,0.0009312490728702714
738,1000.0,0.4,238.0,2.4620672650315674e-05,0.3846153846153846,0.02663917859670365,0.04300033332705401,0.0009969423713033457
739,1000.0,0.4,239.0,1.714294321596229e-05,0.3846153846153846,0.02624856754128966,0.042798083844337656,0.0010424190885111274
740,1000.0,0.4,240.0,4.289820841367288e-05,0.41025641025641024,0.025476104632645387,0.04315373356675089,0.0010018346110648218
741,1000.0,0.4,241.0,1.570874014521172e-05,0.41025641025641024,0.0253839727345317,0.043810206389424795,0.0010126492133449025
742,1000.0,0.4,242.0,0.0001036984904969296,0.358974358974359,0.026551406931049435,0.0418851942362862,0.0009702118715791452
743,1000.0,0.4,243.0,0.00018082515803000796,0.41025641025641024,0.023857675013428854,0.04020410371882805,0.0008939851199415835
744,1000.0,0.4,244.0,2.5556857638283572e-06,0.41025641025641024,0.025228994742326597,0.04299805144300227,0.0009982084357793297
745,1000.0,0.4,245.0,8.348252853346481e-05,0.3846153846153846,0.0246680361736429,0.039573038423511224,0.000910310539154002
746,1000.0,0.4,246.0,5.500116828380697e-05,0.358974358974359,0.026426655174934158,0.042014628522325584,0.0009524265918541172
747,1000.0,0.4,247.0,7.469316291065517e-05,0.3846153846153846,0.02567539823586343,0.04222899661324201,0.000986256994235673
748,1000.0,0.4,248.0,1.1769600410824569e-05,0.3846153846153846,0.024955914679982462,0.041322981323080425,0.0009589172087600385
749,1000.0,0.4,249.0,0.00045015822186532443,0.3846153846153846,0.02521624304978405,0.040180047640763966,0.0009016196686067428
